sM1NMJz1c,Roderick,Helena,92,127.146.232.72,64,0,Petr,Alma,Cathy
TtQ6qo,Nadya,Christoffer,94,199.224.117.113,70,0,Nickie,Jessika,Gigi
AxxczWpCY,Tessa,Natividad,70,160.76.193.44,14,0,Cosetta,Heloise,Shelby
uywkXUdv5,Reynolds,Netty,98,110.217.97.43,46,0,Tressa,Nevile,Nanete
cERQ1BRD4i,Casper,Danika,91,110.192.121.226,33,0,Wenonah,Sabra,Robby
CRBmBaVeq,Jackie,Homere,51,8.81.253.63,86,0,Amargo,Brant,Rafa
X0CPjPjIw,Barnie,Fina,60,11.238.235.27,53,0,Kally,Emera,Tybalt
CJA7skgw8r,Chandler,Kalinda,25,212.93.52.159,95,0,Sisile,Lynde,Peria
pIw7I1qr8v,Abrahan,Aldwin,55,114.7.122.168,36,0,Neilla,Felipe,Dacy
JX1msJv,Mead,Anthia,79,86.86.156.218,62,0,Krispin,Bertram,Frederich
xOTpKz4,Bob,Rutherford,81,149.206.37.29,69,0,Russell,Clarie,Latashia
PDvIG6DhZQ,Meier,Camel,54,175.233.175.155,53,0,Magnum,Far,Nada
F2jWhbbIOov1,Margaretta,Renie,42,231.230.117.119,84,0,Star,Fionnula,Kizzie
9BvtJAn5,Irma,Gwenette,85,70.178.226.49,23,0,Cleon,Brandon,Homer
PjvaJ2yk5Gc,Hildegaard,Al,76,202.16.90.47,2,0,Heather,Issie,Natal
2PmhawcrHGdM,Parker,Sharyl,83,69.214.134.14,92,0,Amelita,Gabriel,Anissa
nwMMzURWwRSi,Randi,Kingsly,25,234.2.152.223,10,0,Linnie,Sonnnie,Charyl
3hTkSA,Catharine,Marysa,17,234.26.67.139,31,0,Scotti,Suzie,Cornie
sHe7RTJEn6,Hazel,Nichole,25,149.216.212.159,20,0,Dorelle,Codee,Vale
62UEUzO9K5d,Elyssa,Giffard,17,87.177.148.165,1,0,Noelyn,Marney,Geraldine
H7JwT1uc,Gillian,Leesa,22,219.247.150.10,19,0,Sada,Roze,Kathi
lJHx0DOnQgR,Beatriz,Clea,58,134.200.78.134,97,0,Maxim,Aylmer,Eugenie
2l8FvBUtL,Jaynell,Berrie,82,131.14.167.203,11,0,Rey,Teodorico,Maddalena
8HLcVv,Conni,Ekaterina,8,21.84.215.135,85,0,Dorette,Sindee,Jordanna
lzCd2JljBm,Juanita,Davine,26,30.188.1.65,65,0,Frederica,Rutger,Malvin
6C49ARXBp4,Kelila,Chrissie,8,194.206.59.212,83,0,Ariella,Jocelyne,Ciro
ydR8y5RhVb,Ryley,Aurelie,93,17.229.43.244,30,0,Kally,Avrom,Jammal
GPPlCC9l4e,Cleon,Malchy,98,231.41.13.15,3,0,Nora,Stafani,Terencio
sSlgCgqL8t,Lorilyn,Lenna,70,11.44.217.195,37,0,Donalt,Adore,Emmaline
z27Qc4lKh,Rene,Keri,100,107.77.105.54,59,0,Leshia,Aron,Elisabetta
7r0TKnb5oUN,Nancy,Forster,6,196.209.179.228,59,0,Sandra,Janelle,Leonidas
MVl26BpPYhKP,Dania,Belinda,65,84.219.122.152,20,0,Alden,Smith,Leeanne
9v3izaHu8ee,Lincoln,Archaimbaud,49,13.230.128.9,100,0,Steffen,Meryl,Indira
mLNQhQHBbN,Buiron,Currey,58,194.151.10.77,49,0,Nickolaus,Ardelis,Field
tJjixdUUAJcS,Dieter,Ardith,68,235.232.146.90,38,0,Alard,Bing,Johnna
ArViclFOT5,Brnaba,Madella,60,183.243.188.72,40,0,Maury,Gar,Karleen
FPejajFp,Taber,Renato,23,160.14.118.238,89,0,Rochelle,Averil,Val
mgLf7Ul5,Adrian,Virgil,63,244.38.74.3,4,0,Mela,Isa,Nichol
BqghmAithcDj,Rollin,Nevins,25,230.181.233.115,95,0,Lavina,Marieann,Felicio
AEnCqAsh,Terrijo,Lezlie,21,92.23.199.39,71,0,Patsy,Blayne,Elysee
tfsIM9,Angie,Carilyn,78,65.93.119.234,98,0,Melanie,Hi,Emilie
o5YQL9,Raviv,Field,74,44.228.218.10,70,0,Mei,Tommie,Olia
vR2n9JsHyGg,Roseann,Jorrie,21,146.44.97.8,56,0,Alexa,Leah,Gerardo
EHgtaLA56wY,Godiva,Libbie,60,125.141.59.147,66,0,Chester,Osmond,Diane
HFVqBcxFjs,Marmaduke,Tad,31,166.104.89.61,24,0,Ernaline,Izzy,Valle
V58eWF,Abba,Cortie,77,204.223.157.136,68,0,Kattie,Leyla,Fairfax
2E3KueXkikT,Jean,Bradan,19,150.115.120.155,82,0,Catherina,Carey,Ailee
fnTccfc,Barnabas,Sile,36,127.234.120.38,59,0,Alie,Judith,Fawne
bESL9cQ,Clotilda,Worthington,27,184.89.200.130,23,0,Nahum,Gregorio,Rakel
0nEUTAnIfzm,Jeanne,Dredi,59,97.250.200.77,49,0,Iorgos,Natividad,Nancey
X0dNrtAyH,Lenci,Quintus,100,249.200.70.44,16,0,Efren,Vladamir,Ara
AjHjbRh8,Sharity,Nadean,53,108.254.238.123,4,0,Maurizia,Immanuel,Derward
S1Mt8o,Nadya,Izzy,54,72.196.220.105,75,0,Berry,Maryanne,Tally
tFe1Oaxxek,Jeanette,Terri,64,222.214.78.249,63,0,Pamela,Arie,Darya
5JZZyH9,Mariya,Kylila,51,236.7.224.38,45,0,Lurette,Damon,Shari
8VE9N3LK,Stanleigh,Tally,82,155.83.65.205,37,0,Earvin,Leo,Basil
4TNPOvtmok38,Man,Alyosha,72,84.31.186.81,59,0,Kenn,Guinevere,Kattie
8VoT9TgdSBY,Adamo,Archaimbaud,63,118.139.244.121,92,0,Bili,Maddie,Kristin
N5rQCRfBj,Cecil,Ofilia,86,149.247.112.241,92,0,Yancy,Danita,Cathleen
xTNazBKo4pl,Price,Carmella,38,244.247.68.115,67,0,Carmine,Tailor,Annabella
wuUSbjjZmkM,Henderson,Ferd,97,190.128.251.199,54,0,Giovanna,Wyatan,Nap
1WUe5pF,Darice,Cathi,85,106.93.116.131,32,0,Bertrando,Royall,Susannah
Nq6uj9m3b,Ase,Leeanne,74,250.235.47.44,84,0,Dehlia,Robert,Horton
vyZTzt9W,Calv,Merell,94,222.170.203.242,91,0,Dede,Eada,Bride
ZvG0lHU,Reinald,Mike,79,248.22.43.159,94,0,Kerri,Joellyn,Merry
IyjuWgGtCX,Kristo,Brendan,11,37.118.40.136,17,0,Billy,Winny,Dimitri
HxVx5Nl,Fergus,Fergus,86,41.74.10.195,73,0,Kata,Giffard,Fee
rWv5NVCHewCA,Micheline,Darci,17,31.253.174.54,33,0,Stacee,Dorey,Nelson
x0TzFT,Dolph,Burgess,71,211.198.151.85,16,0,Brose,Patrice,Jobie
0TPfERFBHFOP,Edgar,Joice,94,231.30.120.249,65,0,Querida,Eziechiele,Hollyanne
UYguTALnSA,Bobbee,Alford,28,252.196.145.230,84,0,Ramsay,Leora,Jenifer
9gQGkA,Nina,Luisa,10,252.217.212.219,54,0,Amandie,Percival,Dorothea
Iy7TsPmrJ,Kattie,Nicholle,67,138.201.171.3,88,0,Frank,Fanchon,Jessey
RtnGMKzPHX,Bethanne,Pepita,4,156.237.235.204,79,0,Kathy,Alberik,Hunt
bZ4QTTmFOTGj,Harold,Boyce,52,6.219.225.91,25,0,Tremaine,Neddy,Naoma
PWfJ5ZiAMS45,Sandie,Cyndi,43,198.255.123.45,31,0,Austin,Kelsy,Norrie
9ZtWP4,Agnese,Merry,30,140.50.72.97,54,0,Dannie,Annelise,Letti
Rl41W5dCQ,Niall,Karita,88,193.255.248.60,7,0,Stella,Inga,Ranee
be0e4yF3RZHQ,Freddy,Tully,16,144.65.18.81,14,0,Melisent,Georgette,Billy
ldtMdVhM4eFE,Milena,Corliss,30,78.114.255.110,47,0,Charmane,Meris,Kennett
X24gauYOkUPR,Consuelo,Pierce,77,216.135.123.128,40,0,Minni,Gale,Lebbie
bbtQ5xSTETs,Cicely,Kellia,2,92.190.38.123,78,0,Arnie,Corrie,Ebonee
aDoUEoJ0gQJi,Linoel,Den,42,107.176.149.175,20,0,Ossie,Rhody,Norah
psUTQuaUC11,Tori,Esta,47,63.184.2.177,81,0,Alic,Rockie,Bibbie
jAZcOcTSPi,Arthur,Irwinn,82,146.73.160.255,99,0,Mack,Dorie,Stormie
tMrDoroEELs,Towny,Kristian,10,121.28.187.173,13,0,Irena,Kyle,Jeana
a2thTmqY,Fern,Tarrance,41,245.235.234.159,26,0,Stan,Rita,Pandora
ffHa8vhSTQwg,Frederic,Devlen,26,101.82.148.223,85,0,Darda,Moise,Malia
kiuGd4o,Griffin,Caryl,50,204.74.34.232,82,0,Auberon,Kippar,Jenelle
GUX2wbQtx1V,Jillene,Neila,87,147.62.210.233,31,0,Ikey,Regan,Thedrick
d6dE91frd,Eugenius,Ezmeralda,29,96.155.119.224,35,0,Zachery,Orland,Philippa
pW7RjWOVxe,Lesya,Madonna,24,24.231.107.94,7,0,Ingrim,Julina,Simonne
DDfQEKy,Colan,Caroline,50,188.150.81.120,92,0,Tadd,Lamont,Kari
L8ic4KVUBP,Matt,Lacie,48,243.14.86.58,86,0,Raimundo,Laurene,Ethelda
rprYiprkBeP,Krishnah,Thornton,33,21.72.5.35,59,0,Vinita,Ottilie,Judith
9foz6xlVmuO4,Paddie,Minny,13,81.204.148.207,94,0,Vivian,Aretha,Pace
I2yvPpiV,Jessie,Wynny,34,73.56.213.246,14,0,Aldwin,Una,Martguerita
bpPm2lR,Annis,Felita,44,96.177.37.207,26,0,Skip,Theodore,Francklyn
b9X4yrYyO,Emelina,Emelina,3,94.231.195.122,44,0,Clywd,Bethena,Analise
1QtlCR7z,Reinhold,Wilfrid,47,44.22.60.237,78,0,Netti,Candra,Agosto
24zFII3,Elysia,Basil,79,85.17.24.28,66,0,Auguste,Zena,Chancey
vmDuwiig8Unp,Carree,Amanda,22,118.3.137.183,87,0,Christiane,Tonye,Lenka
igTyy0aaaTK4,Zelma,Mabel,51,117.149.255.201,70,0,Jocelyne,Ulrika,Farlie
glV6ebxJxK,Artemis,Ottilie,29,161.47.214.228,34,0,Callean,Giulio,Franklyn
gxczpkL,Ruggiero,Carla,3,33.127.94.51,98,0,Laurella,Rebeka,Obidiah
ApAWPsPYUs,Rochette,Dunstan,69,249.221.50.92,69,0,Karalynn,Coop,Briney
6CO4zJdGd,Anna-maria,Jerad,90,4.160.85.121,89,0,Kyle,Aurelie,Mick
Wp1z4B5,Julietta,Elly,89,199.195.5.213,89,0,Nicolis,Merle,Philomena
lGkAUiA,Marrissa,Chilton,29,175.137.112.79,44,0,Vivianne,Whitby,Korney
60AMwL,Odessa,Orsola,83,154.100.90.179,9,0,Othilia,Charleen,Shadow
vUCgfS18Jm,Wilek,Fee,79,183.44.189.65,56,0,Roxie,Teodorico,Candice
rOe1KM,Daisie,Stafani,97,152.81.228.198,93,0,Karina,Hill,Elizabet
nDfP9VKPs4YH,Linell,Anna,25,117.36.193.199,31,0,Yalonda,Titus,Norris
NCIS6E1XHvHW,Prentice,Ricky,19,101.0.51.225,81,0,Ricoriki,Dallis,Cristiano
sOHo9ksckL,Kacy,Babette,82,207.108.79.40,25,0,Nadine,Doria,Cordy
eJzKAgGPd,Augusto,Martino,98,128.25.182.72,73,0,Nickie,Astra,Barnabas
vLUhRc,Isidora,Lucie,67,106.237.13.125,72,0,Angelique,Mame,Nealson
aZceWLpjo4AQ,Judi,Josee,92,120.152.8.251,65,0,Wilmar,Kimbell,Kingsly
iWBcYP,Ross,Geoff,83,178.248.101.203,10,0,Lanni,Cinderella,Myrna
zRWBkAJIOBf,Joline,Marianna,94,65.10.35.81,27,0,Juli,Russell,Conny
soriwcWvIaa,Lucie,Avery,98,191.250.163.161,58,0,Rock,Winni,Arliene
1nks1CGC,Alfred,Timofei,1,228.25.242.211,72,0,Mathian,Benyamin,Dodi
DdBD3scIUN,Josephine,Ilysa,51,23.66.59.111,9,0,Romola,Gabriele,Vasili
BkG4o0,Nataniel,Georg,50,49.68.27.202,25,0,Jed,Urbain,Carlyle
Ifa3kjkEE,Ibrahim,Evangelina,47,138.69.125.114,96,0,Tabor,Tessie,Ilene
2mHOHfVQ,Riki,Viola,60,84.146.141.176,34,0,Constantine,Jazmin,Clareta
cilkEcupJcMa,Herb,Nara,86,63.54.96.161,48,0,Nilson,Angelica,Lazaro
iSykFxLxd,Arni,Mercie,71,229.25.114.111,80,0,Jsandye,Kayley,Nessa
h3bXvDufmSa,Baily,Duffy,14,29.117.195.200,67,0,Darnell,Brent,Gipsy
i1IxN5sKfW,Lauritz,Nowell,54,69.83.80.55,53,0,Adriano,Catie,Susanna
zzvhiOsgxi,Gaultiero,Reinaldos,60,230.25.187.212,98,0,Maryellen,Andrei,Janice
ddKH3JCBpGg,Billi,Lilia,79,34.246.143.141,31,0,Ali,Rees,Flem
XfbSqX,Noreen,Hanson,96,154.190.53.5,91,0,Vina,Wilbur,Ainslee
iP7H5rzWuTkT,Guido,Kendall,85,199.61.166.212,15,0,Paulina,Garret,Andrej
oISB5K,Wallie,Brendis,32,27.185.250.254,31,0,Gabbey,Reinaldo,Katlin
nGNmsz6aVhS,Sonya,Foss,83,208.124.165.42,44,0,Lem,Ulla,Emelda
jB5ZlY,Wren,L;urette,39,17.159.136.37,67,0,Franchot,Debera,Travers
6EUi6C,Delphinia,Malvina,11,163.151.96.60,6,0,Orsola,Brent,Addy
EL01KLgFeYYM,Marianna,Wiley,31,141.138.192.31,9,0,Laney,Dalis,Stefano
CFUpXlFDtmo,Nester,Hugh,61,124.125.249.66,18,0,Karlee,Juanita,Erhart
ZX2w8v67A7dd,Devlen,Alf,56,143.0.185.13,53,0,Brewer,Kerrie,Idalina
JbA8WjkM,Elisabetta,Fletcher,89,241.212.91.158,23,0,Millicent,Henryetta,Iggie
t71GcG,Alvan,Lennard,12,130.24.51.162,69,0,Lucias,Kettie,Kenneth
1q0l7XRC,Maegan,Thoma,4,187.206.13.73,25,0,Viviana,Uriel,Melonie
UwdUOsRTR,Walt,Libby,49,120.80.202.242,60,0,Niven,Demetrius,Eloisa
ppg0HlNTPVH,Gert,Corey,87,150.178.255.95,49,0,Avril,Dalia,Vergil
TS6NOD,Octavia,Isobel,82,113.65.52.243,72,0,Mylo,Vaughan,Billy
sXQWdu3kSDeK,Gaby,Ronnie,48,128.94.175.13,70,0,Claudetta,Rip,Latashia
pfnL0nFRv,Farra,Jehu,81,125.245.176.203,77,0,Culver,Emilio,Mathias
jtz1ULKX4lX3,Thurstan,Stacee,20,219.214.245.153,37,0,Andeee,Brien,Brett
xLiW7OVA,Tierney,Cull,71,253.235.39.187,18,0,Perkin,Erma,Marlane
tmQgvY9I2gb,Bartie,Cesaro,87,119.232.82.239,57,0,Evelyn,Hedi,Isabeau
SKNG4dzBfm4,Alvina,Daffy,10,235.58.128.245,26,0,Koralle,Elset,Lorena
FD8ejRciSm1,Martha,Trista,98,56.43.89.54,67,0,Tallia,Dore,Bamby
SoTIfTI,Yuri,Fanya,54,240.83.159.149,91,0,Alberik,Shaw,Bartholomeo
nXeU82nKdd,Maurise,Earvin,13,204.101.186.168,62,0,Adam,Pauline,Nona
a6oXMi,Roman,John,30,20.162.179.37,62,0,Walsh,Bette-ann,Gordie
FNllNMiGD,Henriette,Jacquelynn,22,47.75.178.103,4,0,Hewet,Angelle,Harriet
Brohp3,Ofelia,Mannie,93,100.40.57.113,43,0,Kelcy,Ron,Kristofor
y4ePQhkNUa,Christen,Arvy,62,22.171.162.157,39,0,Gasper,Darill,Bendix
FUm4lq1ZJ,Lorette,Caryn,42,90.189.9.243,8,0,Lorettalorna,Del,Margo
mSYBvmA8Ip,Mackenzie,Blithe,84,171.195.208.61,100,0,Enid,Jewell,Heinrick
EoakOTRfp,Michelina,Lincoln,44,102.187.62.39,10,0,Zane,Rici,Marty
kOGabUf0PoV,Brigida,Anatola,2,249.85.234.194,73,0,Muhammad,Alfonso,Catrina
9vvwzlLN,Bliss,Chloette,95,251.191.240.8,84,0,Zarah,Amelia,Frans
ZNMvbSXOQu,Roana,Nesta,95,127.210.161.110,48,0,Alwin,Oralia,Breanne
PHbOuMdJ,Nathalia,Inessa,72,34.82.163.60,28,0,Shanda,Ardine,Ilaire
3II9OgN1r8,Kristina,Ingeborg,59,96.214.209.82,37,0,Gan,Bent,Northrup
ET8eef,Ernst,Vicki,75,216.193.180.233,98,0,Othilia,Teddi,Jocelyn
presyWb5xqj,Nichole,Anet,24,139.152.112.218,79,0,Mel,Torey,Hali
LNliP21KFxa,Smitty,Robena,9,203.181.153.201,52,0,Chico,Bonnie,Loraine
srz1wDe1Un6,Elmore,Cully,54,42.138.126.105,82,0,Jenelle,Virginie,Nicolette
mUAAY95,Ali,Netti,73,73.104.250.105,84,0,Alaster,Kinsley,Nedi
TgkaIMsb2tzg,Pattie,Duke,81,34.106.79.128,7,0,Emlyn,Mirna,Orelle
wTvwKzV,Nye,Xylina,79,56.128.14.159,96,0,Robers,Horton,Shea
DniVoal,Marylynne,Mycah,20,3.33.110.178,22,0,Blair,Tracey,Sophi
8PR6upfzMDf,Janis,Vickie,63,188.188.71.244,41,0,Carol-jean,Carrie,Sheelagh
4MdIXx3CrC,Pierette,Pincus,6,51.206.31.55,56,0,Orson,Miner,Sheila
x3ZMWxXeJ7qo,Benedict,Erhard,10,249.248.153.229,18,0,Katya,Willow,Arlin
TLCKMAfnyJ1O,Molli,Elie,50,195.60.206.20,51,0,Theodore,Nikita,Rita
WhZMmEEHFqst,Arnie,Lewie,22,81.182.211.215,85,0,Florentia,Liza,Ignatius
x2G13EN,Kathie,Gloriane,66,127.237.37.15,84,0,Elaine,Harris,Cooper
KCC29Gzzo,Shanan,Barrie,98,83.112.243.11,9,0,Kalie,Marshal,Linnet
SorlU3fg1,Skipton,Oswell,38,202.154.227.31,11,0,Burt,Celestine,Pansy
R79p8E,Vina,Des,66,96.178.65.13,90,0,Lodovico,Ilyse,Stanwood
SG20kGENdXc,Ingunna,Stafford,91,100.27.7.200,90,0,Hunt,Ram,Samaria
B5tPyhfP8,Hedwiga,Lulu,59,140.60.71.89,92,0,Iggy,Jerald,Nikita
uX6ZrLAo,Shanda,Courtenay,99,120.75.166.161,92,0,Jean,Corinne,Sibby
HVsyzbci,Lelia,Mathilde,82,25.28.230.232,77,0,Katalin,Man,Yvor
ObPd5HTxyeS5,Aldric,Kalila,11,4.71.11.67,23,0,Nert,Elvis,Pavia
5U557e,Myles,Peri,48,57.199.94.193,8,0,Berke,Emelen,Daveta
CasSeKfeTpz,Benni,Isabel,46,77.26.14.208,12,0,Alisun,Jeremias,Rodolfo
X7Fvis,Alexandra,Rice,11,42.177.227.145,47,0,Berna,Leeanne,Nariko
i14Ct7WVagwF,Veronique,Johna,8,32.83.66.94,5,0,Hatty,Valina,Rowen
EBlp1z4QEhq,Delano,Kipper,47,110.12.25.202,22,0,Carri,Nap,Tildy
TeHiRD,Gipsy,Dew,20,32.104.156.225,97,0,Beverley,Margareta,Blisse
pwid2XFkFn51,Delly,Nataniel,76,159.54.216.103,21,0,Petunia,Conway,Lind
glY7U9ug,Katie,Bettina,17,218.187.140.120,98,0,Gerrard,Kiel,Jenny
dmwW2HGSnr,Tedi,Ninette,51,92.165.136.214,41,0,Shadow,Kyla,Malvina
IDtP75MC5KpP,Arlana,Bevon,88,112.1.243.54,85,0,Coretta,Jasper,Feodora
A1K3Un,Krispin,Benoite,1,4.204.156.26,36,0,Pip,Bryana,Petronia
siKjOm,Damiano,Preston,81,226.41.43.3,51,0,Roanna,Carilyn,Elana
0BSHDxhCDBIK,Roselle,Avictor,43,115.80.18.131,70,0,Kellsie,Cordula,Heida
yFeEv3GJAs,Desmond,Lemuel,66,60.217.58.188,61,0,Gwendolyn,Dell,Gerianna
0u40jADxu,Darleen,Sherlocke,10,94.79.6.42,57,0,Kyrstin,Carmel,Gerda
WYY7yNhWo,Basia,Bride,78,87.145.216.118,60,0,Holt,Chilton,Anatol
Sux7VucrP2,Gordie,Waldo,8,122.66.193.67,28,0,Hilliard,Gisela,Odelle
32fstFLBUmo,Gussi,Anselma,27,218.153.0.212,98,0,Jessica,Cirillo,Haley
9SAnXJ8kM,Shirline,Kennedy,62,216.143.68.172,23,0,Dwayne,Maisey,Durward
ZtG3xk0z,Alanna,Kira,63,90.214.200.48,27,0,Lesley,Lissy,Ema
8TfSV9lDaFd,Meryl,Rochelle,97,30.52.183.141,45,0,Hodge,Kenton,Meridel
AbH56NYxPetK,Elysee,Ronni,95,176.57.242.132,70,0,Avrit,Darryl,Lindsy
K6ZhT9,Hayes,Aubrette,6,121.147.238.244,12,0,Goraud,Preston,Lisetta
F4qg8tup6Yg2,Jeanie,Jens,49,116.203.1.37,20,0,Jorey,Rossy,Mellisent
O05mbK,Elvira,Mylo,46,15.129.173.76,88,0,Caron,Chrissie,Daphene
GRM1Q3Vsam,Oralia,Tiebold,76,69.232.40.122,96,0,Sebastian,Michele,Wilfrid
tTU3ap,Northrup,Nadean,37,77.3.99.38,42,0,Delphine,Aymer,Euell
Dba05d,Barry,Markus,8,27.195.117.232,70,0,Trisha,Valle,Margy
ekYpEwx2,Tammie,Ethelda,19,87.79.40.247,6,0,Reider,Inigo,Domeniga
WRVKbiikIc,Rudiger,Thorndike,1,38.71.99.167,83,0,Urbain,Kain,Amil
5fqEEQ62Yy,Siffre,Claus,48,86.179.102.86,3,0,Eziechiele,Agnesse,Marie-ann
SzKh3R5,Sophia,Winfred,69,50.40.8.160,59,0,Gilemette,Robin,Ofilia
yBOmqUBc0v,Florrie,Korella,88,224.188.71.75,25,0,Lucienne,Sawyere,Emmaline
PsE3838KYZU,Pen,Kat,95,213.6.77.73,96,0,Fulvia,Arabela,Richmound
yRHULd0C,Lurette,Shellie,81,241.136.71.198,43,0,Felizio,Zebedee,Brittany
namy0eu,Keri,Marilin,81,118.174.171.209,13,0,Gabie,Jeddy,Lolita
ibKBwp,Myron,Danielle,44,160.114.73.52,18,0,Deedee,Waverly,Amalle
HUmOlb,Aldridge,Rozalin,23,254.183.227.75,96,0,Evie,Benni,Harlin
qPqXTw8dUKKt,Cherianne,Maddy,15,69.230.174.16,50,0,Shayne,Christos,Evanne
HNlVA04ovv,Jorgan,Jacintha,80,134.237.225.180,41,0,Konstantin,Sacha,Edmon
RvzD2bTVP8fc,Jolee,Yvon,89,186.127.1.56,58,0,Nat,Nessy,Bord
lyXWmVhwFcc,Bevvy,Desdemona,25,110.251.89.42,59,0,Gunter,Riva,Tades
RXCODrodea,Antonius,Carver,71,114.28.198.186,55,0,Guillermo,Brent,Quentin
dGSzcZG,Merrill,Margret,95,145.12.128.176,67,0,Thedric,Bron,Almeta
CQ7qjgp0z,Cherilyn,Shellie,13,69.86.150.132,38,0,Angelo,Fulvia,Ewan
061yWL,Jill,Odele,86,106.223.50.52,60,0,Roddy,Aeriel,Cybill
3K7AykO686w,Venus,Hendrick,7,46.82.227.19,16,0,Nanine,Traver,Salomone
uewPGnTGcwtH,Aline,Carie,78,141.174.180.179,74,0,Mirelle,Danice,Scotty
Bl0AsBm,Bernardo,Franciska,54,128.170.232.115,67,0,Bjorn,Ralph,Charmine
rYNsLSMiN,Melba,Elvis,99,161.65.253.218,78,0,Kaine,Gayla,Catherine
6IPpUmVz,Shanon,Avivah,24,136.61.80.46,18,0,Laurianne,Giselle,Joan
5pb7oGJx,Percival,Lindi,73,53.107.201.255,11,0,Daron,Aviva,Corabelle
Ys8L5qwdZsY,Arluene,Roderic,97,9.105.203.176,15,0,Bernardo,Tristam,Uriah
3pGJjUuH,Mariette,Kelly,67,19.55.200.30,12,0,Katerine,Lock,Layney
FnjzXq,Fernanda,Beverie,19,245.67.205.111,11,0,Rosina,Ellynn,Vanessa
64lvooN2zsK,Lianna,Nicholle,74,4.134.34.199,71,0,Ody,Randene,Giana
fTQkGd5nY7uv,Valerie,Mason,8,48.223.223.136,22,0,Pavia,Ernestine,Marcellina
qCV3eNVk3,Ofelia,Solly,66,51.11.127.49,79,0,Ebony,Jecho,Joan
CYL8ECsl,Mattie,Flemming,1,100.170.221.192,5,0,Rollo,Tyrone,Ashbey
tIPtR0Z,Percy,Harold,39,93.225.65.138,69,0,Joellyn,Aldon,Nick
zhTublp,Forrest,Joan,95,244.82.69.51,48,0,Frazer,Nevil,Gianni
P13S0TWMxj05,Yves,Kristen,21,244.133.91.241,83,0,Gayler,Bartholemy,Angelique
RBu8Vamjbv4,Abby,Lura,100,70.251.66.185,54,0,Car,Brockie,Rachael
WWEHJXYr9Zi,Francklyn,Angelo,31,58.61.18.180,82,0,Judie,Cissy,Ardisj
OB8TzD,Alessandra,Arleyne,5,178.70.140.110,90,0,Cher,Leone,Norah
GI3Q0Ob,Heriberto,Katherina,32,171.233.152.13,89,0,John,Evy,Billye
vgrQB173z0lw,Burr,Nalani,5,153.42.147.156,62,0,Babbette,Shadow,Minnaminnie
Ul7VF5fvqk,Vikky,Alisha,78,255.2.24.209,55,0,Gerrie,Saleem,Christoforo
IQ1hJgiA,Junie,Teddie,85,23.50.98.213,62,0,Fawnia,Paulie,Lonnie
eJPKLx0leUr,Winne,Roxanne,7,164.143.170.89,9,0,Terri-jo,Aundrea,Charmane
djqyMj,Sander,Ambrosi,80,166.178.62.146,12,0,Cherey,Basile,Rudolfo
5AlZZZqbiWj,Jami,Salem,68,170.173.163.131,47,0,Dorthea,Johny,Rosaleen
fJLTanCWY,Daisy,Tiebold,60,31.77.153.46,81,0,Marketa,Simonne,Conway
sz8oyWE,Dacy,Hillyer,44,155.57.148.122,22,0,Hephzibah,Iggie,Boot
apKqXcC,Ezri,Bernardina,56,41.102.181.94,11,0,Vivyan,Caria,Iona
KkI2r3,David,Irina,84,198.124.20.25,67,0,Betsy,Mirabel,Risa
2JqDHfTI3U,Cathy,Corny,86,141.31.228.115,75,0,Paul,Lorianne,Megan
cLKsmqVt06,Filippa,Randene,85,244.253.3.2,17,0,Tris,Albie,Gifford
Ob8NRZZUdjM,Pennie,Marie,3,44.206.36.72,88,0,Guthry,Nissy,Cissy
BzZR3ipJNW,Odetta,Harlie,51,123.43.208.189,100,0,Bendick,Francois,Holly-anne
6gxI9B7,Teirtza,Hendrik,47,228.62.207.23,88,0,Gauthier,Roseanne,Atlanta
56eDzZzUJQ,Sherm,Gannon,28,241.100.219.157,29,0,Clari,Midge,Bronnie
PyL67oylVwK,Avery,Dominique,8,198.182.200.161,45,0,Zelig,Suzanna,Joellyn
QlCxzBe,Sayre,Toby,23,74.15.141.51,50,0,Martelle,Jacky,Corby
Zu1UJLrdvlp,Miriam,Sybilla,61,251.219.148.144,25,0,Ludovico,Heidie,Salomone
Oh4o2YRfWNa,Wes,Candra,15,169.168.137.247,19,0,Libby,Chancey,Susana
yx3w2F,Bridget,Johan,44,33.182.162.96,71,0,Betty,Augustin,Kirstin
sumIzNdR2,Ruthi,Orelie,17,245.244.7.11,91,0,Boot,Hadrian,Rochell
VWu74Ctf03ha,Banky,Bartholomeo,91,89.192.252.128,67,0,Even,Luci,Fannie
0YtBfOQBqERI,Upton,Graham,8,193.185.76.147,54,0,Farand,Ferd,Pernell
wa8pDhRs,Jameson,Cobbie,58,213.241.215.184,70,0,Baxter,Lamond,Chelsy
34RDVd,Starr,Diego,62,97.190.47.116,92,0,Maximilianus,My,Dulcia
zsSgAJNry,Rowland,Izzy,31,219.224.148.195,70,0,Rhianon,Carlynne,Silva
0getjAuKBO,Thatch,Jackie,53,97.54.235.237,28,0,Erie,Perle,Chadwick
tv39jZe7,Carleen,Kenton,37,196.14.247.81,12,0,Eba,Petronilla,Renaud
bA0o99sMGm9,Aleta,Alex,14,82.64.109.27,33,0,Jackelyn,Etta,Randene
ZaLMydMta,Tiphany,Aurelia,47,233.217.131.55,73,0,Jonell,Benn,Nanice
DgeEvnoEtgaC,Mercy,Wandie,24,232.166.61.168,20,0,Ethyl,Linda,Cullen
yhM4vLD,Magda,Hailee,80,220.193.93.178,27,0,Chico,Blair,Dyane
jev6lPUbE,Fedora,Brunhilda,64,19.29.103.239,7,0,Cornelia,Charlie,Micky
Nl8Igc9ug4,Aldis,Cull,17,62.62.26.34,61,0,Olga,Em,Lemuel
BmuZGH7KC,Tedi,Becka,61,86.238.46.18,64,0,Zerk,Alexis,Danika
9JqDPmFIRdV,Sheffield,Orton,25,160.250.181.101,27,0,Rosalynd,Hugo,Niles
X3yypK7oP7mZ,Aloysia,Yule,10,189.112.128.82,48,0,Robbert,Missy,Kitti
SB8TchbqQ4L,Christoffer,Ruttger,91,39.73.172.231,89,0,Doyle,Ingrid,Channa
XybJ7yPUP0,Adriane,Teodoro,87,2.25.242.23,25,0,Melisenda,Shalom,Laurens
gbI3MEAGq6Xo,Merline,Merrily,5,167.69.55.240,77,0,Winni,Maurits,Benedicta
p7p2IAzi,Gwennie,Wilburt,7,52.228.190.245,48,0,Erik,Scarlett,Annabelle
a7zdmaLTFWG,Clevey,Dana,92,227.157.22.161,55,0,Douglass,Ray,Auguste
b413SV0IA7PW,Stacey,Maryjo,98,26.16.37.239,28,0,Manon,Samara,Danny
YdlIeO,Matthew,Nannette,18,124.140.27.250,93,0,Gay,Marjie,Giacobo
yEip7Po,Ray,Janenna,97,97.138.195.100,4,0,Olimpia,Corbie,Adelice
xotfQGkZe,Wilek,Winne,2,127.208.181.192,48,0,Yasmin,Carolina,Walsh
TAoM58,Nani,Shirlee,88,43.15.24.249,46,0,Min,Shel,Ly
YucdY06MvX0,Marilee,Townsend,81,249.206.194.102,93,0,Blinni,Phyllida,Henrie
hgNpj8ZmRz,Starlene,Tatiana,55,235.60.156.11,9,0,Cassy,Elden,Hector
sr6WFDUPjoZ7,Guthrie,Diana,42,93.215.225.212,94,0,Marice,Ly,Tabina
93rQUqn,Jennette,Evvie,30,63.228.19.223,5,0,Tiena,Jay,Gunilla
u6JbIZu,Zacherie,Marrissa,26,121.50.131.145,24,0,Hubie,Ameline,Jarad
A74ML9r,Arel,Juliet,93,34.144.89.172,47,0,Chaddie,Rustin,Luci
E2puvEB3Au,Stormie,Jolee,4,145.57.193.0,39,0,Malynda,Asher,Dominica
WY5QcH14T,Jody,Tiff,26,207.252.126.4,78,0,Dana,Mariska,Alvina
DV6BKC736C6U,Emilio,Kirbee,88,104.74.215.92,77,0,Chan,Kelby,Morgen
x9QAOLI7LgtM,Jorey,Lefty,58,117.204.21.179,10,0,Shirline,Lauren,Abbott
SqG8U4x6seJ,Stacie,Griz,95,94.132.12.88,17,0,Vyky,Moreen,Myrwyn
CfVYiXM,Lazar,Tina,22,170.105.129.43,27,0,Cash,Marina,Darb
LzzSEm,Marisa,Emelen,50,155.155.134.36,45,0,Bernete,Waylan,Salem
qyq8S9vuGNN,Mella,Nikolaos,63,212.123.77.122,3,0,Gwenette,Benetta,Windham
lwQ4dH,Glynnis,Hyacintha,37,169.71.71.240,99,0,Osborne,Dorolice,Rozanna
fXgpEgDMmFrI,Husein,Fergus,35,222.142.132.184,57,0,Bastian,Sibella,Shermy
v7iOYp,Sandor,Yurik,79,93.218.63.197,73,0,Shandy,Brigitta,Jean
4iUs4d,Erroll,Thomasin,15,77.127.153.5,65,0,Sigfrid,Wood,Aldin
0bQcxQv,Langston,Emera,36,24.211.78.8,51,0,Isaak,Prinz,Barnie
t9BLSf4V,Lonnard,Mary,70,75.152.132.49,62,0,Bernete,Helge,Cullie
qRFIwZd136V7,Giff,Lizbeth,9,141.203.164.217,64,0,Wadsworth,Masha,Hadleigh
nX7eU6Cz,Doroteya,Marlo,59,114.73.131.200,52,0,Meredith,Melisandra,Nicola
2REaitY,Malachi,Adda,77,100.4.10.11,9,0,Gerrilee,Maxi,Zoe
LAwYgo,Spence,Malynda,34,117.196.193.34,63,0,Ann-marie,Delmar,Emalia
vjR8dOOB,Torrie,Mersey,90,35.252.6.30,22,0,Clotilda,Tiebold,Nollie
PvtISzEre,Arleen,Dre,44,206.69.32.134,7,0,Reuben,Nerissa,Genevieve
cVtxoi,Claudette,Agna,6,131.64.218.39,11,0,Cassondra,Arty,Deonne
2RVozm8UVu,Fabian,Amandy,56,38.61.238.153,68,0,Hube,Karlotte,Dorolisa
ihzfJ731,Star,Claudine,36,125.245.124.164,20,0,Eugenie,Constantino,Dorelle
fZCYyXr,Gusta,Jammie,36,79.240.57.219,15,0,Madelaine,Elga,Devi
iJAdG8W3u,Guillema,Mauricio,43,123.222.66.53,28,0,Spenser,Nate,Hamlen
SNbh2m0Xc,Dexter,Ilise,58,78.1.184.44,72,0,Pierson,Edward,Stanislaus
RfJc7vzhZ,Evaleen,Mella,83,153.110.194.51,17,0,Penn,Ofilia,Gui
cLN3gez,Belicia,Elicia,58,211.82.29.180,44,0,Salvador,Bayard,Fitzgerald
nB8HbUGvrvy,Margarethe,Mirabelle,97,83.26.96.112,59,0,Glenna,Gerard,Veradis
90rAy1X,Cookie,Lolita,23,209.18.39.58,39,0,Tynan,Law,Karlen
Wncvaa9f,Isaac,Lucius,82,47.178.159.106,60,0,Frederich,Diane-marie,Dorie
XVr3ibNdq,Ludwig,Maximo,57,168.50.176.57,78,0,Gill,Kenon,Emera
FBroSPBmzS,Ulrich,Wes,13,204.226.207.218,2,0,Didi,Tobi,Travers
XJpGUioyXoZD,Reyna,Ryann,30,217.35.41.249,18,0,Johannes,Electra,Blaire
VIWaX7Skr,Charmion,Francisca,74,7.165.198.9,12,0,Randee,Giuditta,Charyl
o6Qk7FuQZ,Ky,Udell,71,26.172.25.140,60,0,Arlana,Thedric,Kimmie
d1mQapdFYD,Rob,Cam,19,120.161.59.82,13,0,Francois,Modestine,Noel
O51LQ2McJw,Wash,Serene,97,177.60.188.116,69,0,Justis,Aubree,Kimble
XgBkBUcsP5N,Perry,Jeanette,54,18.34.83.34,15,0,Moss,Sheela,Raynor
yKayuiDoXMQA,Hephzibah,Charmine,61,231.4.240.152,19,0,Sisely,Gilburt,Kim
8ZqZGC6jWBwl,Godfrey,Ashla,4,189.139.21.155,63,0,Joey,Jard,Cassaundra
9kSKAPmoDi,Shanie,Giles,64,164.24.206.183,39,0,Palmer,Madelyn,Shelden
2CSbAS,Joete,Kayla,48,182.121.164.211,11,0,Birk,Shanie,Gennifer
VLKdWSHPRPjm,Nora,Fonz,87,164.80.12.70,37,0,Nikki,Morgan,Letty
qACMZ40OV,Jessica,Mylo,40,91.151.144.128,60,0,Cull,Valentine,Olimpia
XnhokM,Richie,Maggi,30,148.118.29.162,73,0,Ruthie,Gallagher,Saudra
eXFpWBvD0yYe,Olympia,Ceciley,63,38.219.141.231,96,0,Page,Fabiano,Deane
xB69e0O4jLAi,Daniel,Jerrilyn,64,121.218.76.52,12,0,Nicholas,Carroll,Pooh
SvZS7yNPdX7,Joyann,Westley,79,77.70.147.121,23,0,Gavrielle,Dalila,Jaye
ehfHvGUfsRc,Marilin,Harp,42,156.63.80.209,85,0,Lavinia,Verne,Clay
aQIvx1G,Roseanne,Maurie,76,232.8.42.11,79,0,Agnese,Maridel,Michal
2WGwND,Annemarie,Stesha,51,249.172.97.234,96,0,Ealasaid,Jelene,Berton
wvTt0xXEl,Anne,Ardenia,85,160.102.42.133,16,0,Madge,Remington,Kerrin
PG7tRXlrfY,Chelsea,Perceval,22,62.176.114.162,74,0,Libby,Andy,Rivi
XWj0iJ,Arturo,Barbee,44,157.161.215.17,3,0,Cecile,Clemente,Barnabas
GeerF1,Zaneta,Finlay,33,19.197.225.86,57,0,Marietta,Kalvin,Ambrosi
LfRrT2f5Hc,Olive,Katusha,90,55.133.61.122,94,0,Petrina,Ame,Gerty
rKecUmKOD,Gabey,Andrea,68,55.225.234.131,10,0,Cory,Moe,Carol
kz7AowhR,Amalee,Ashton,5,144.152.98.126,21,0,Pace,Dale,Issie
0l0gG8qk,Cookie,Cathy,47,174.189.11.249,58,0,Brodie,Andra,Heidie
zFlsaZm,Rozelle,Deck,44,1.147.254.254,93,0,Nannie,Adele,Elicia
434MoyItP9,Rosalinda,Royall,17,25.56.186.18,29,0,Misty,Lazaro,Lyman
wvT6w1,Chev,Eloise,33,186.134.238.235,84,0,Dianne,Lida,Durward
1qdnF5,Hamel,Terry,20,148.188.179.184,59,0,Dyana,Kilian,Charles
UCXect,Lucie,Cyrus,92,30.57.189.11,78,0,Kellsie,Elsi,Brady
Q2PekifVZKPT,Shelli,Kristel,89,253.49.214.74,44,0,Zarah,Jaime,Karalynn
HBbDmy,Jared,Jackelyn,8,75.117.86.104,72,0,Andrej,Delia,Cletus
B3HWpITXuMhT,Reena,Jolene,50,34.224.126.206,80,0,Beret,Philipa,Bobby
J3YH10JlW6,Winnie,Ber,20,41.93.150.93,53,0,Claudetta,Barbey,Nolie
s2rBuvwXL3H,Isabeau,Emelyne,76,204.39.234.155,58,0,Delaney,Austen,Ambrosio
yEJnVSYfQ,Brandi,Thacher,21,255.10.188.68,66,0,Clio,Karia,Marci
dxV6IoN2X,Isaac,Breanne,64,161.20.99.5,97,0,Roch,Dianna,Trish
LrVrWZhWY,Rhodia,Gussy,92,9.144.23.129,18,0,Christie,Devinne,Karina
rJHXYU,Vanny,Garrek,20,208.245.44.57,82,0,Nickey,Lyn,Malinde
zip7nG5qy0,Ted,Kattie,8,170.20.20.130,38,0,Wayland,Teri,Maryjo
FMm8MU2Ub,Malena,Gabi,8,229.192.166.63,6,0,Rosene,Joete,Trueman
6o5Wlbw,Louise,Ulberto,88,177.10.233.161,63,0,Lynnette,Udell,Fleming
HhY4uyVSRej5,Dawn,Isidoro,86,136.130.227.11,44,0,Honey,Clare,Taite
tf00IXxcfm8,Rosalynd,Falito,4,134.129.145.122,76,0,Uri,Alexandrina,Courtney
dNnntX5,Marlyn,Gerome,83,253.134.225.194,67,0,Toby,Derry,Oliy
geI9W8BUuunq,Gerianne,Winfred,14,39.26.56.145,82,0,Willey,Guinna,Angus
pwD3NXi,Nydia,Gunther,8,231.151.14.111,33,0,Lorine,Rudie,Rosabelle
jnSSo7dy,Duffy,Annabella,25,26.128.56.42,88,0,Byran,Ileane,Willy
dnwG0301OQ,Juliane,Natassia,51,35.210.41.55,72,0,Francyne,Wandis,Sergent
UkaaQeSL,Madlin,Mayne,12,72.150.55.144,52,0,Ivar,Derrik,Irene
HHUj8Yuuh,Rudolfo,Ferdy,75,129.157.37.237,57,0,Cynthy,Talia,Eldin
z9ypNJfFQJ6u,Neall,Elaine,80,151.80.48.55,40,0,Josey,Rayner,Cathe
xJ0S3CL9,Imojean,Reinold,53,45.252.101.140,26,0,Gussy,Phylis,Karlotta
JDKHzf4CMA,Ranique,Monah,88,217.76.170.179,26,0,Lilian,Innis,Gigi
g8WpPvz,Carlotta,Atlante,10,184.171.136.93,58,0,Weider,Lucien,Idalia
M5q5mk6eA,Nikolos,Gerri,4,247.63.180.44,97,0,Niles,Oralie,Misti
TZshH9,Tonnie,Arch,76,116.105.120.236,70,0,Zabrina,Cullie,Michaela
HUoedMnTUFRa,Catlin,Drake,94,103.228.116.113,22,0,Rina,Jenda,Serene
zsqb4QX,Alfie,Bar,100,155.37.196.54,54,0,Rayner,Anneliese,Lockwood
vZVMywoB,Kelcy,Kristyn,70,70.185.168.107,34,0,Darill,Guenna,Bronson
r23uU7bjZeqk,Elke,Gleda,83,112.2.8.147,22,0,Currey,Gilbert,Tyson
do6WLMIyv1J,Mitchael,Danna,84,88.230.35.124,15,0,Marcel,Alysia,Rudolf
U6bATLEn,Miguelita,Osborne,63,196.59.151.40,35,0,Torrin,Obed,Daisie
3mFZRQN,Meredeth,Elena,8,30.72.151.189,69,0,Tull,Denver,Hoyt
Prk9zjGpw,Tades,Lela,68,15.174.8.120,78,0,Benjie,Genvieve,Innis
xCEybztw,Hollie,Stefano,19,203.226.153.251,44,0,Olav,Roxana,Didi
jpGfXb4RkC,Justinian,Mady,88,152.153.202.216,7,0,Vassili,Toma,Lawton
Yb1PWA,Hartley,Akim,29,205.126.40.124,64,0,Marylou,Iorgos,Garfield
CD9zAFLioKd,Tonie,Bobinette,93,121.213.27.129,28,0,Patsy,Leroy,Simon
2OsQ9S2dJ3b,Lindie,Eadie,78,19.111.233.20,100,0,Tommie,Rheba,Melanie
LAaFDwcCD,Morly,Kimmy,26,108.194.251.77,88,0,Moises,Philomena,Amelina
bFIoIK,Clair,Maegan,98,71.78.111.21,97,0,Allene,Averyl,Lukas
sf9qPQPxx,Rosalinde,Nelie,33,116.107.239.114,95,0,Melvyn,Xever,Martguerita
g2sf6UiX,Netty,Dill,87,162.32.215.114,90,0,Ardenia,Ash,Elmo
ANDwpb2FZP0Q,Bryanty,Michelina,59,185.81.196.104,14,0,Burgess,Cissy,Darbee
AddXTGYi4,Nikoletta,Karlen,56,254.207.112.94,92,0,Trixi,Catriona,Desi
FaZnh8,Mahala,Emile,73,15.7.238.217,7,0,Alwyn,Crysta,Skyler
CgOcB19g,Amandy,Aaron,6,168.35.58.62,64,0,Lester,Steve,Hunfredo
eGZvBY,Neile,Orelie,99,165.136.109.160,10,0,Kaitlyn,Byrle,Elsa
cUufq46WM,Mattie,Adel,32,183.51.109.25,100,0,Lise,Guillema,Rouvin
8Bkwc1UFDa,Joseph,Galen,73,100.136.139.2,75,0,Arni,Ame,Brinna
l4GJCfyz,Carmine,Silvanus,6,97.111.142.208,81,0,Dionysus,Staci,Tamra
ZdAWcen,Roby,Robers,45,162.208.132.210,94,0,Herman,Venus,Gabriella
7kJ8oG0,Kanya,Vladamir,9,223.255.97.186,76,0,Hildy,Laural,Feliks
E78MVJi,Margie,Nicolai,35,190.182.140.139,88,0,Kaila,Bernadina,Royal
daGWGIsr,Clarence,Joshia,93,176.132.92.15,3,0,Rosalyn,Padraic,Andriette
GyWTJxzY0i,Fairleigh,Aurthur,35,214.65.104.199,42,0,Anica,Davita,Mackenzie
jPxw2FvmJH,Bret,Ailina,28,242.114.100.69,48,0,Ketty,Nikita,Oriana
KwrXQW,Finn,Timotheus,16,175.14.57.21,64,0,Katalin,Gregory,Puff
TEHUzWfbz,Mitzi,Shoshanna,34,23.105.1.32,29,0,Celia,Deane,Carlo
SeN2MHIQAy,Ward,Ellsworth,14,90.188.250.18,43,0,Felicdad,Emmott,Giffer
zwG1AVipBUpJ,Zacharias,Cami,59,62.227.16.175,58,0,Chucho,Grier,Audry
3hqCcsQge,Benton,Berthe,7,211.195.152.181,89,0,Elton,Farrel,Tobey
YmLRuHNMr,Tootsie,Marlie,65,142.246.37.133,18,0,Aleen,Ingram,Jacky
JQgZ4huttdf,Niko,Clayborn,14,171.172.178.31,86,0,Ralf,Jerry,Aigneis
iCwls7,Monica,Hynda,79,78.235.191.156,24,0,Luella,Olav,Henderson
OhPdajHjruI4,Maia,Courtney,66,69.158.251.9,7,0,Clareta,Madge,Solly
n4PHhTk70x,Keri,Farlay,81,72.168.186.89,8,0,Trescha,Tommy,Isaiah
w5up6W,Christal,Colleen,47,14.161.217.135,9,0,Loreen,Cathyleen,Sam
kr0HOHL,Trudey,Ricca,54,178.119.242.67,47,0,Silva,Duke,Moss
4Odhh0kWXrl,Major,Dulcine,69,15.13.139.240,15,0,Jeniffer,Trstram,Clevey
8EPy3XTeip,Lynne,Waiter,76,199.192.226.49,87,0,Maire,Burgess,Goldy
BYEPtS1hOF,Forbes,Juieta,35,201.225.45.153,30,0,Bebe,Charla,Huntington
4tQuqJZ,Karlee,Nertie,62,155.247.40.152,18,0,Barnebas,Adella,Heywood
09Xds8HeQ,Alejandro,Carey,76,155.11.185.169,56,0,Erskine,Pattie,Darnall
LNTius,Kanya,Karole,74,110.37.253.254,48,0,Alva,Gerick,Myrtle
Ggv4Xaoh,Vera,Junia,94,56.203.117.204,59,0,Tremain,Barnard,Arabele
Qk5zPrdNEL,Belita,Hugo,49,77.174.62.160,7,0,Jasmine,Thorpe,Kelley
aJEIoWB,Tim,Constantina,76,21.21.27.9,69,0,Perry,Randall,Courtney
8LNKBORxARNr,Maurine,Hilliard,53,214.248.240.93,45,0,Shurwood,Donia,Ogdan
ppXMwoBPyPk9,Lucian,Rhona,70,150.236.188.224,43,0,Mira,Ellsworth,Lesley
FylJasFkK,Sammy,Lisbeth,14,91.163.11.94,26,0,Joby,Dreddy,Kermit
vPoJ0sO7lV5L,Ramsay,Derick,90,244.215.225.245,22,0,Valeda,Maddie,Korrie
MN5pKhQ,Kristina,Manfred,46,135.115.67.0,5,0,Forbes,Charlot,Lacey
DXBv6Wxb,Hobart,Percy,64,56.255.89.24,82,0,Maurine,Tobin,Rollins
jV1WKw,Elden,Cally,51,232.1.115.77,40,0,Hetti,Verine,Kent
Ee41ZGuN,Ag,Annice,95,5.14.210.145,28,0,Pietro,Tait,Ludovika
L76l0nSg,Matilda,Shawnee,19,135.255.116.74,9,0,Novelia,Blinny,Bonni
r8RAzQFC,Victoria,Sheelah,88,103.134.68.152,56,0,Dulcea,Ailbert,Matthieu
NmrFXxxOkBE0,Brooks,Marylinda,86,204.235.98.79,82,0,Vinson,Jens,Bellanca
v2ASwxfj,Sanders,Dietrich,39,39.74.99.49,27,0,Arte,Jacob,Sybilla
jk7O4sbv459,Brigham,Viviene,5,231.177.125.190,57,0,Anatola,Saw,Dorothy
bf2drViQpPM,Agace,Ximenes,22,162.71.123.135,68,0,Trstram,Norri,Mae
U86axsKdxX4,Genny,Raimundo,2,41.243.190.189,63,0,Channa,Huntley,Thorny
M28fOlBH4h,Caresse,Deena,92,99.65.222.247,54,0,Marcus,Jaymie,Nalani
KIB9ZNh7,Livvie,Shoshana,49,160.159.70.110,80,0,Sancho,Willamina,Jeremiah
uokkJzG1A,Elbert,Zerk,47,109.16.148.29,57,0,Lauren,Heidie,Egon
ppvVOiJG,Shirleen,Morry,59,92.191.133.95,7,0,Torrie,Karrah,Dall
kIyNWj5ifLBu,Ginelle,Morley,80,104.134.195.150,99,0,Andree,Shoshana,Christine
Kzg2YsUSF5,Junia,Pearla,55,144.181.126.204,39,0,Tiebout,Zeb,Jobye
TFz6SJLX,Zelda,Niki,67,187.89.113.54,42,0,Beryl,Saraann,Haily
5mKOF9AM1PWV,Sissy,Maible,93,87.69.17.246,14,0,Percival,Morly,Jenni
Rkee6Xj0S7b,Laurette,Ricky,10,114.158.227.98,41,0,Wallis,Emmy,Pierson
Op9Ayv4,Sella,Katalin,19,186.250.10.61,76,0,Rhianna,Leigh,Ingaborg
ACqWpX7py3,Iorgos,Hodge,64,131.23.58.96,8,0,Corrine,Rochester,Tony
J383rIRzL5yM,Loren,Erwin,65,227.249.231.199,29,0,Giselbert,Aileen,Casandra
98vw98Fi,Regan,Winifred,29,1.68.14.232,7,0,Modestia,Antonella,Janek
vIBnnqVnz,Ash,Lori,40,176.215.26.109,81,0,Ilario,Osborn,Giacobo
ZT4gIX,Alysa,Ferd,79,172.96.237.151,88,0,Paulina,Case,Balduin
5IGF0K9nxhh,Adrianna,Sandra,89,144.27.50.1,61,0,Kendra,Bobbie,Vina
J9arYW0,Jo-anne,Leda,27,29.3.245.194,54,0,Baron,Anabella,Gilbertine
j4Kc9H20N,Gaven,Fritz,32,229.203.2.77,85,0,Isacco,Franciskus,Griffin
EvoGPosyK,Gretna,Mickie,37,182.69.50.240,15,0,Heriberto,Doe,Constancia
E2YPmpoI,Yelena,Rupert,57,167.132.162.231,85,0,Mead,Jojo,Margy
8X5nfQo,Dorrie,Luz,3,254.252.9.179,60,0,Zachary,Kerri,Debbie
jJW2oXBQe,Cordell,Whittaker,53,152.19.10.255,94,0,Ronnica,Orville,Rhody
hibH4fs41x,Fulton,Saunderson,26,229.196.183.117,20,0,Kele,Antony,Prissie
boy2lFjibYNk,Darren,Blair,79,117.29.220.54,69,0,Lorna,Maggee,Lorilyn
8WWAU7,Julianne,Faustine,34,207.83.226.222,77,0,Mace,Cedric,Sigismundo
JOBVvW7po,Ronnie,Bobbe,73,79.110.182.220,59,0,Eugene,Orion,Laurella
MsXXML3F,Cully,Zora,42,67.186.180.140,21,0,Ikey,Adiana,Eartha
hx4MRRro,Lissy,Morgan,55,118.21.157.223,38,0,Clay,Helaina,Bili
GF1QB36Vc,Basil,Stephannie,61,147.232.37.157,27,0,Julienne,Rhodie,Richart
sV7YjZgamDqH,Barret,Karleen,83,90.163.195.79,2,0,Laurice,Willi,Orran
vyuKIHNDD,Ado,Drucie,83,35.243.32.101,77,0,Krispin,Baxter,Rocky
OBHG47LM,Arda,Walliw,7,251.16.178.59,42,0,Adrea,Nomi,Perla
8KIx9znJv9E,Shadow,Ase,73,240.157.128.76,56,0,Sauveur,Gray,Susana
GEUEs0,Tremain,Waylan,77,103.58.78.90,78,0,Verena,Gabey,Thaxter
mvrkBTh,Giacopo,Duffie,100,85.147.192.28,4,0,Dunc,Hazel,Tasia
d5ojhGoAEk4d,Gardy,Maisie,81,163.143.220.235,3,0,Jocelyne,Hilario,Annemarie
2fsgmjpKM,Minnie,Conway,10,28.211.142.156,36,0,Dorothy,Rod,Robina
gd0mWkzRFli,Vitoria,Shepherd,71,172.94.249.252,15,0,Robinet,Ronnica,Claire
WtD6Pt,Gusta,Scotti,9,241.213.118.81,42,0,Elvira,Saloma,Simeon
r8DbNJdTvXWR,Marlyn,Meredith,30,201.59.31.155,48,0,Cristiano,Clarisse,Anestassia
E0s7sCH,Vivie,Evvy,87,143.119.5.29,96,0,Elora,Wiatt,Farra
9SR5QdCu,Simone,Nelli,92,207.252.173.59,52,0,Ginnie,Vincenz,Erich
jpfqyZ0p9,Ron,Eadie,10,254.178.123.45,94,0,Neda,Edy,Rebecca
cFxXdSS2,Claudian,Hildy,43,96.109.158.78,45,0,Newton,Alissa,Karmen
zuk0P5o,Constanta,Gregory,43,138.220.39.246,84,0,Janella,Ginelle,Carny
M8PKWd,Edgard,Shelley,20,240.95.193.4,27,0,Maudie,Marielle,Karol
eSpTmpy,Phil,Todd,52,5.51.209.172,4,0,Berton,Anna-diana,Ronda
M1LU1lh1,Gare,Krishna,99,7.251.153.131,51,0,Flss,Errol,Stanislaw
cDShOKA4T,Valma,Elmore,64,199.84.89.230,60,0,Coraline,Harlene,Jazmin
OmzrLKNH2,Paige,Jo-anne,52,176.50.97.51,58,0,Hunfredo,Cyndy,Sherye
64UdzJ7zf9b,Colet,Petronia,55,58.158.221.57,29,0,Kurtis,Cindee,Bathsheba
mRxOJ0Ot,Kizzee,Darryl,28,63.176.156.59,2,0,Archer,Vivi,Rube
SEyMhfsxk1zA,Ebonee,Averil,5,19.101.47.179,15,0,Rooney,Celinda,Maritsa
IYwR9alh,Lyndsie,Whitney,55,185.249.251.27,59,0,Lazare,Alleyn,Codi
yugcJNVvffU,Elonore,Nyssa,97,91.98.233.250,22,0,Dalton,Terza,Fan
oJptWMBI,Paddy,Trenton,13,138.165.118.196,38,0,Mavra,Celine,Falkner
NJKCSrS5BNQy,Emma,Nora,52,239.169.181.31,75,0,Melvin,Lorianna,Thorn
w9UfPyGCuZ,Berkly,Huberto,97,114.225.50.159,85,0,Charis,Addi,Konstance
omTdYKfwB,Filberto,Magdalene,15,128.113.2.241,75,0,Leonhard,Forster,Emmanuel
OWNUdFCrGr0a,Bernie,Giles,70,188.253.85.144,85,0,Danyelle,Lauryn,Lelah
TZz19bny,Dulci,Judie,1,208.201.194.22,23,0,Lin,Thibaud,Kaitlynn
p5NKXx7,Denys,Lorelle,61,224.212.125.104,40,0,Mirna,Kira,Mable
gcZNzgq,Brendis,Marianna,26,253.251.15.208,59,0,Jacquie,Leroi,Dominick
sl8Urhxub58,Cristionna,Nolan,26,182.228.18.94,63,0,Tressa,Rudy,Conney
BiYtXYK14o,Xylina,Eugenie,21,234.101.33.65,10,0,Jasmina,Waverly,Adria
LMuPY2io0ye,Harris,Theodore,20,193.178.173.54,44,0,Rock,Jeramie,Cornall
GUFpPcc,Arlen,Hali,70,51.190.196.233,65,0,Adoree,Regina,Quentin
hno3879ghx,Jacky,Catie,66,67.174.25.223,81,0,Brooks,Lilias,Immanuel
CMH5grwk,Heloise,Sibbie,16,201.31.135.28,99,0,Elbert,Megen,Buckie
Z2IkdW8UCl,Leonanie,Mannie,56,191.192.38.127,51,0,Nadya,Dar,Astra
kjCmWVRlvHRo,Kiele,Marigold,54,187.246.26.221,44,0,Frederick,Franzen,Sherm
0OzxqE,Addison,Kaylyn,61,25.103.131.3,22,0,Dee dee,Bert,Berti
nn0aL4cBow,Lira,Aurlie,16,153.20.196.115,10,0,Bernarr,Monroe,Culley
JI7BoDa,Ricca,Rich,70,109.239.49.116,48,0,Jacquenette,Chad,Hedda
PA5gxS,Josias,Jedd,28,25.22.32.24,4,0,Liesa,Selene,Nichole
sqj7QMuxDp,Donovan,Rivalee,54,152.174.206.26,32,0,Elise,Berky,Denys
Hp1KgsZWNF8,Malachi,Sancho,6,152.240.115.230,35,0,Carny,Krystal,Renate
Tq2Qv7K,Hamnet,Miles,55,102.181.5.128,44,0,Shaine,Leonie,Alva
4UMqxj,Cristabel,Melessa,43,9.123.171.58,12,0,Sholom,Donavon,Any
aN1XGx,Frederica,Dareen,32,50.156.137.191,78,0,Rriocard,Bendix,Gretal
4j0teA0adRqX,Carole,Marinna,55,103.82.138.37,60,0,Kimberlee,Brenda,Salem
F4cmqbM7ve54,Laina,Jordon,34,184.32.140.13,18,0,Yul,Erny,Lev
QEvaqf,Xylina,Siobhan,49,33.254.36.118,94,0,Britteny,Sonny,Hannis
wLF1eC,Claudia,Danny,45,89.103.117.76,59,0,Donalt,Wolfie,Myranda
Dery6u5bTE,Lib,Jasen,62,209.109.228.34,9,0,Giustina,Aaren,Grange
PNVqvto1wVr,Adelheid,Daron,32,110.151.232.85,13,0,Jamaal,Clyve,Roman
KZKWEQhQ,Noellyn,Caralie,59,235.245.35.177,82,0,Hyacinthia,Darrell,Carmella
tEc6o4RK,Kaspar,Godwin,23,218.64.14.227,92,0,Theobald,Sterne,Tripp
QnRmgjBy,Guinevere,Rosaleen,60,245.48.103.200,71,0,Goldi,Linnell,Marianna
6Cxwxt,Lucilia,Ardella,57,27.147.177.13,48,0,Rose,Lucas,Courtnay
18pZBHr,Nolan,Evan,50,55.129.182.20,59,0,Heinrik,Tilly,Eduino
qLbE7PVxob,Ellery,Egbert,17,42.147.121.121,53,0,Marcella,Hewet,Doris
CTnO3BTtiS,Allyn,Marris,92,171.113.213.219,41,0,Caspar,Larisa,Giorgi
dpEBvu,Odey,Bernardine,3,24.234.43.25,73,0,Rosene,Elana,Neel
yUhOz9p,Lesli,Vivyan,20,228.32.114.5,56,0,Samuele,Coretta,Emmanuel
8H30RGAON4,Errick,Gusella,86,80.107.98.249,40,0,Leanna,Lacey,Erl
cuy8NZUj,Tonya,Carmelina,43,208.191.153.16,61,0,Chrissie,Moritz,Caressa
jOiI5OF,Bjorn,Hillyer,40,121.197.215.58,42,0,Maureen,Perice,Zita
u8H7AaAln,Gar,Brittne,99,171.250.37.170,82,0,Branden,Catharine,Adelle
4DdT7CN,Ransell,Agnola,100,221.83.199.114,62,0,Yoshi,Astrix,Katine
402YYed7FB,Alvera,Aldrich,37,97.94.189.89,97,0,Odie,Callida,Elnar
wpD2tTe25,Zondra,Harriette,31,162.101.242.155,99,0,Clayson,Libbey,Ricard
qbRf9rPmi,Patten,Irena,99,189.49.236.239,44,0,Rosana,Estel,Dierdre
EseVey8O3mAS,Ramsay,Wallas,50,73.170.215.178,71,0,Sherilyn,Shandra,Harcourt
EGOSNGT,Pet,Christal,25,168.27.97.76,20,0,Cacilie,Ilyssa,Myrah
aunjVOFd,Blanche,Gerri,30,92.14.101.67,90,0,Rochette,Diandra,Sandor
I62Mmzq,Osmund,Avivah,80,246.183.186.210,32,0,Cassondra,Kerwinn,Hermon
caeBKbujnwb3,Moyna,Neron,79,107.182.193.107,91,0,Redd,Caleb,Maryl
lu2c2k,Lonnard,Dotty,34,81.38.33.219,66,0,Amye,Eliza,Burg
Ni5oiUVasMM,Archambault,Veda,38,146.199.161.175,36,0,Lina,Estele,Bridget
wBgKa2hUW,Elga,Bay,19,137.80.68.55,22,0,Hartley,Melisse,Georas
ISAWiV9Te4nT,Olivier,Hagan,91,60.253.91.99,87,0,Gerianna,Myrtia,Ericka
LqLMlWW1tb0J,Darren,Wheeler,2,228.172.198.251,61,0,Shanda,Stanly,Marijn
9wXmQOznOt,Lissi,Regen,79,139.253.188.176,41,0,Emmerich,Benn,Pyotr
Psc5YkWs,Sherrie,Rudolfo,10,228.0.209.168,60,0,Gerry,Jamesy,Becca
wFbyvAU63e0,Kimmie,Maggee,52,217.243.136.172,89,0,Kevin,Kim,Saraann
af7yHUck,Ambrosio,Antonie,62,19.150.28.100,66,0,Boote,Rochella,Nollie
oLzR9vT,Jessee,Leonidas,79,53.88.188.70,14,0,Danna,Rosabella,Winn
QxYT0l,Reinhold,Denise,65,25.199.226.82,91,0,Lita,Sonnnie,Freddie
O2AuRcVisIji,Jakob,Matty,58,14.160.204.218,65,0,Mathe,Nerti,Buddie
hM9w6uiGq,Odetta,Stacey,43,111.156.94.208,45,0,Leoine,Teador,Celina
v46za0TR,Cherlyn,Hedvige,49,116.101.9.53,59,0,Koral,Ashlie,Agata
9QztzG,Karin,Mercie,11,51.209.2.3,74,0,Gilda,Nevins,Flynn
6iMxJO,Robert,Yancey,51,8.173.41.176,69,0,Carolus,Leta,Caressa
l5QTHe6GBL,William,Luce,42,110.210.142.105,45,0,Abby,Rhianon,Sidonia
iCS0Wo2,Annis,Kahlil,30,176.33.144.10,42,0,Jodi,Athena,Ardyce
kjbPoY,Mylo,Wendi,13,108.244.160.64,15,0,Harley,Marcellina,Jen
ehMQFUK,Lulita,Tommie,11,249.46.50.35,75,0,Orelie,Lavinie,Pierre
JniYrSdYTBTU,Eustace,Gaultiero,41,255.28.107.159,76,0,Orton,Amelina,Demott
FQkpUv9Vo,Kalindi,Florry,7,14.212.14.230,7,0,Falito,Juditha,Laurella
WrHfMO3QeJ,Nicky,Cecilius,77,181.87.214.7,98,0,Paquito,Maureen,Rachael
NCyUx2tGXZ,Cindee,Thorstein,37,235.236.163.131,29,0,Sukey,Anson,Earvin
21gDRf16X,Thomasina,Flori,55,74.1.43.189,73,0,Gregorio,Derrick,Cordy
1MebAqLoT,Abey,Nikolaos,91,108.155.186.247,21,0,Arluene,Goddart,Ivie
QjJKE8FgM4KQ,Robbie,Abbi,95,170.228.189.235,32,0,Fee,Lindon,Herbie
7aXp0ocV7vGH,Ferdinande,Arne,65,159.53.131.6,29,0,Stirling,Kathe,Reinhold
JM62e6dW,Jo-anne,Garek,93,122.147.74.148,18,0,Rosanne,Rees,Demeter
KU36oNGWqXPD,Carney,Christa,100,72.228.86.210,7,0,Wernher,Spence,Marley
tClrgW,Chet,Patti,99,91.11.206.75,76,0,Eada,Far,Dario
BEeVjxCjc,Aubrey,Layney,48,171.110.167.210,52,0,Torin,Linette,Ursala
amG06ZyR,Alanson,Pia,62,41.24.193.38,78,0,Lorinda,Bernadene,Caresa
9UrieAiQKl,Berty,Aindrea,23,151.185.115.33,11,0,Vin,Dame,Alfi
xegrkkIZxgm,Sib,Orland,60,1.221.179.117,75,0,Bliss,Dniren,Durante
KqqMvJm,Jaquith,Josefina,58,52.77.47.72,9,0,Marian,Wynnie,Katheryn
wRqp7e1DrBN,Consolata,Cariotta,99,65.230.158.23,44,0,Gnni,Janie,Kerr
4ixRwBFMFP,Dorise,Teodora,20,235.19.82.40,27,0,Hall,Aeriela,Brandice
I8y4HvW6,Edna,Nikolos,70,205.160.3.206,22,0,Hewett,Lev,Janek
eBlMdnD9ne,Findley,Elsy,92,21.4.238.237,98,0,Dev,Maurise,Debbi
5qtPew4PR46,Dani,Nil,70,250.25.177.26,80,0,Bryon,Ailsun,Janos
1mMDO9,Clara,Patton,9,177.24.117.34,88,0,Georgena,Quentin,Dedra
ghJUM94rnfiO,Elwira,Glennis,39,216.197.22.249,4,0,Arleta,Adan,Lilith
aNK3y3f99t,Elia,Roshelle,85,191.136.252.212,76,0,Francyne,Mufinella,Jobi
dJM7RZnf7lb,Timothea,Brose,44,64.38.90.217,32,0,Janelle,Nathaniel,Robbert
lLvUiBpHVr2y,Haily,Delmor,5,170.19.231.138,34,0,Merl,Emelen,Caddric
J12g9njdzd,Rivy,Gerri,26,117.155.149.161,57,0,Thaine,Ree,Ariel
EeXru5Tr,Helaine,Enos,55,150.62.158.84,9,0,Diandra,Merrill,Herold
WhBRNY,Noak,Oralla,54,235.200.196.31,64,0,Isaak,Roxine,Dorette
3MIcmtv0Y,Jeff,Clareta,59,240.18.244.108,86,0,Kai,Ros,Meriel
B3XqeGz,Jeralee,Jacinthe,24,133.244.167.47,48,0,Clemmie,Sharl,Heriberto
NMGUOjW6kw,Selby,Dino,89,110.134.103.81,76,0,Claretta,Wolfy,Papagena
iAcugyw3O,Kimmi,Saidee,22,112.224.180.57,16,0,Gwenette,Gabi,Cori
dK48zvfCwo,Frederik,Wallie,15,208.90.133.39,88,0,Lisette,Georgi,Lamar
MSGvo3anN,Dorothea,Dore,71,248.57.14.163,59,0,Derk,Lenci,Elwyn
QRYUvbSckv,Brynn,Meredithe,7,127.84.192.192,55,0,Launce,Em,Rab
zfZaZf,Cullin,Merla,88,116.79.175.72,21,0,Inigo,Bard,Dyan
2351lS7Vh,Raul,Lynn,17,231.87.248.73,83,0,Marjorie,Charmian,Sharla
9rvioz5L7XbX,Thorsten,Maitilde,2,225.161.254.211,44,0,Peyter,Pierrette,Stoddard
qCJ48P4tO,Ransom,Glynn,51,77.79.133.23,81,0,Nelle,Fawnia,Inness
poFhVhP6oVA,Claudell,Royall,36,84.76.191.110,18,0,Shurlocke,Sabrina,Christin
3hzMHtow7J,Issy,Leone,70,235.157.132.38,73,0,Remington,Sharleen,Mora
c7B9yIRH,Adrienne,Merry,22,103.33.193.162,47,0,Agustin,Rodger,Cori
1Nz7V0,Bryan,Eydie,42,179.187.13.245,70,0,Haley,Christel,Germain
GTBMWiDQ4,Belinda,Moria,11,202.189.253.154,25,0,Wally,Art,Ulises
o276coTJ5wH,Roland,Kathi,48,14.8.196.154,2,0,Arlen,Annmaria,Pammie
NMw8dPO,Tawnya,Torrin,77,102.251.93.151,22,0,Lucila,Maury,Barr
AOR233I3z8M,Honor,Eddy,56,235.178.94.132,32,0,Hans,Petra,Gerhard
3gAEpyHuoI3I,Gill,Ethelyn,71,205.155.77.182,69,0,Meris,Toby,Avie
dbmbNHI4c,Tasha,Harri,74,63.37.250.194,1,0,Bogey,Shannon,Forbes
VhyK4KXSrv2J,Jacqueline,Elbertina,56,136.108.101.217,72,0,Mandie,Roseann,Eirena
UYSXMiV,Nancy,Jocko,15,224.199.55.144,41,0,Mort,Nikolaus,Cammi
yy3kD6fW7mB,Quentin,Bonnee,53,222.99.178.55,39,0,Humfried,Haleigh,Jere
kXJMOwVt,Nicky,Ardisj,36,214.40.117.38,65,0,Goddart,Antin,Tiebold
Uebsg877Zr,Nataniel,Colan,26,150.7.163.32,58,0,Rosie,Claus,Darrick
7y5HOKP,Morie,Sebastiano,95,157.233.46.29,42,0,Bud,Bordie,Bevon
TNwshp76B,Weston,Giffard,48,74.173.199.107,2,0,Vinnie,Olivette,Andreas
jiP3yfT,Neron,Rowen,43,248.33.174.134,57,0,Nester,Una,Abbie
bkO2O7SLJVKP,Derk,Sherlock,92,242.211.159.210,63,0,Arthur,May,Adrienne
a3t8UEI0,Cacilie,Pattie,58,212.44.120.72,52,0,Karoline,Donny,Chaunce
Yi3imbwdU,Xerxes,Zebulon,46,105.1.138.152,79,0,Gussy,Marrilee,Caddric
KAxUAR,Guenevere,Brodie,9,188.180.51.0,56,0,Ariadne,Nanine,Vyky
cER7yonm,Frankie,Dorie,75,50.183.199.72,72,0,Amby,Eden,Valene
1fXsSCljI54,Alastair,Minda,4,212.82.218.110,26,0,Nesta,Carroll,Emilio
t74ypL6XRz,Antonino,Durant,28,248.67.54.199,69,0,Alisha,Liane,Jobye
fTkKFekwSlE0,Damien,Dilly,24,159.202.66.113,16,0,Alfie,Gisela,Ebonee
jM6BeypS9,Gwenora,Quill,86,62.15.18.181,74,0,Alfreda,Cathyleen,Barbra
xg9xRb,Sheryl,Hannah,98,146.54.218.188,41,0,Paco,Ansel,Ramsey
YwjTo6,Giuditta,Simmonds,55,173.196.45.52,51,0,Dorita,Abbie,Wilow
QM4tbCW1kr,Creight,Ardelis,37,213.100.207.78,64,0,Sanson,Trudey,Alexis
uAaJoiHzwHx,Isidora,Francesco,90,97.164.120.26,13,0,Sabra,Alphonso,Geneva
17bbYJE,Mitch,Jenda,70,203.203.136.147,22,0,Pebrook,Babita,Corey
0Q52d5ake4q,Bryanty,Oralee,83,136.237.223.95,13,0,Tybie,Ferdie,Marga
QEcADF23bE4,Spike,Regina,62,178.72.23.157,1,0,Graehme,Rebecca,Alphard
fq9VqiWwpZwH,Rheba,Leeland,4,61.162.179.110,80,0,Davie,Harli,Jaye
80FfsylSNQ,Terrill,Karlotte,54,112.221.1.112,96,0,Jean,Harmony,Andi
4Xevd7UA,Lazare,Franny,99,8.94.46.23,36,0,Cesaro,Sydelle,Saleem
3Cpt9Ua,Reed,Arluene,6,46.20.188.194,89,0,Nara,Gare,Dona
XSdZPsM,Quincey,Heddi,58,76.175.220.91,33,0,Meade,Rosanna,Eilis
EYf9gLvY,Cash,Nadia,68,217.97.181.135,16,0,Gavan,Godwin,Greg
9NXPOalnDC6,Dennison,Gianina,44,191.46.223.2,6,0,Griff,Susanetta,Ari
ioU6WGRXSOsm,Annice,Margaret,16,23.177.238.98,68,0,Farrah,Teodorico,Cynthia
473XJsm3B,Theodosia,Doralin,62,9.183.18.50,30,0,Jennica,Ursola,Moyna
nH1kq65tkNT0,Dominic,Lionello,39,231.109.204.185,4,0,Bealle,Laird,Caritta
xjSSse,Arri,Broderick,13,58.10.249.17,82,0,Hurlee,Ariana,Twila
84i0EMYCkPo,Carroll,Rodney,27,38.159.184.32,70,0,Henriette,Bonny,Clevie
lYn4UPs,Cecilia,Siobhan,72,126.173.244.41,53,0,Elaina,Isaiah,Aimil
FdGvFA0TQ,Beatrisa,Chuck,17,214.48.39.1,25,0,Meriel,Sindee,Cristi
jkJgCOgs,Patricio,Bryna,47,47.16.197.148,71,0,Ernesta,Vivie,Jodi
QJJP05av3wJ,Nolana,Lura,28,57.69.80.61,44,0,Myrtle,Wendeline,Wenona
8dszdW9,Dosi,Stephenie,5,30.233.164.12,79,0,Lorenza,Irving,Alasdair
0Ox0u8s7va,Adeline,Timmi,59,155.173.214.83,87,0,Valerye,Mala,Daniela
o1zMyHA,Ilse,Cacilie,99,161.130.29.212,47,0,Kiri,Raychel,Piggy
Udthihf,Samaria,Dacia,6,58.143.76.24,57,0,Callean,Gan,Debee
kAyUAMYq2,Camille,Myrtia,96,107.40.135.98,57,0,Thane,Giacomo,Lyndel
3oTILcDa5k,Ellen,Gianna,50,159.31.55.196,55,0,Aeriela,Palm,Laverne
4IkOoeoQwA2,Shell,Anne-corinne,80,91.216.201.90,14,0,Cos,Patrice,Gasper
eObPJNg,Evie,Sly,21,226.126.207.217,3,0,Leonard,Staffard,Godard
whbsruhvWCKp,Lyndell,Edi,27,216.211.156.193,94,0,Sampson,Fiann,Auria
kA94rie,Elyssa,Maribel,23,226.158.238.34,75,0,Tully,Lonee,Rosemarie
qnisjFnW2R,Jerrilee,Cosette,43,45.140.107.80,47,0,Cacilia,Dode,Charley
UCiHNF,Perceval,Orren,14,227.238.140.24,61,0,Glori,Sibel,Neils
8DAl7OI,Kerr,Ambrosi,77,40.126.161.19,92,0,Adriena,Brittaney,Man
CFo0y1MIEu58,Christan,Eugine,24,45.202.229.37,84,0,Bunny,Welsh,Fraser
5PvIDSE,Estrellita,Fitz,44,69.59.57.48,82,0,Raoul,Shea,Cherilyn
mT6FiYiej6,Rurik,Norah,4,150.71.54.112,91,0,Putnem,Keelby,Drona
UiVy4q,Hewett,Stephie,67,174.241.147.233,69,0,Odie,Joelie,Janessa
59MMkuCr,Bond,Nikoletta,44,146.10.132.190,61,0,Bernadene,Scotty,Cirillo
xLwO9PLn,Berny,Hedi,9,30.193.152.178,26,0,Marnie,Stuart,Niki
Ytiox4NdYq,Griz,Gerta,38,229.72.38.80,81,0,Nolly,Britni,Barb
NIaEaJZH,Dinnie,Allissa,75,30.198.69.139,55,0,Barbe,Jammal,Garreth
kBXcz97pMhh0,Jaclyn,Pearl,25,24.106.137.65,76,0,Ogdon,Abbey,Bern
zGWvmKOJ6Kv,Horatius,Tad,5,230.20.123.12,11,0,Thedrick,Sharity,Christye
ZbPdH0REwcML,Sandi,Avictor,23,10.239.216.185,73,0,Zacherie,Ailee,Shaw
BIo4oW0DkQ4X,Dotty,Ricca,22,245.92.24.252,81,0,Rae,Jozef,Jay
yNryp1r,Guglielmo,Isadora,93,146.153.105.211,37,0,Leonie,Hersch,Philippine
Q2zuPOjMBY,Kari,Baxy,55,73.82.220.25,69,0,De,Lucky,Latia
TsP3xwhI8x,Eve,Donavon,3,233.53.164.94,86,0,Aeriela,Sidney,Nellie
HwW1ey,De,James,23,57.113.192.199,62,0,Isadore,Ray,Opal
q6udpY,Martino,Sindee,82,143.60.139.124,93,0,Obadias,Vite,Gypsy
VGsKt9J,Gweneth,Mora,58,218.107.103.41,30,0,Lydie,Ingemar,Shurlock
YHZ08M6,Callean,Boigie,28,150.116.8.232,15,0,Ros,Bibby,Richie
QKa7PuOt,Rolando,Nathaniel,32,250.40.134.134,44,0,Adams,Alessandro,Marion
uaCMlsvmEd8a,Gene,Morgan,3,195.61.105.127,75,0,Keeley,Kissiah,Marlena
xWzkTcMnS,Rooney,Leigh,56,45.164.127.115,13,0,Benito,Annelise,Terrie
9xqcBDkzarV2,Temp,Berkley,49,227.161.35.171,49,0,Jaquith,Fielding,Justen
sjQBU0b3C5,Valenka,Avivah,27,126.156.106.20,86,0,Roselin,Corbie,Jenine
m0aCPk79Hm,Sylas,Thornton,67,4.179.98.130,4,0,Mohandas,Fernando,Nevil
jAheqzAK1l,Michele,Juliet,30,237.162.134.198,36,0,Wandie,Joya,Cornall
aAeKzY,Lenee,Herc,93,29.234.75.16,86,0,Caryl,Lanie,Gerome
823aBMRUr2Kp,Ricky,Boy,72,249.240.130.198,80,0,Nonah,Jarib,Arlette
N89VFS,Meredeth,Federico,40,159.167.12.11,31,0,Rosanne,Andy,Guendolen
bxZjVEZxV5,Stanton,Rochell,65,227.169.90.242,19,0,Hardy,Leanna,Bancroft
byxQkL6h9CFa,Padraic,Leoine,59,166.130.117.29,80,0,Phil,Cami,Halie
YuroSN,Jerrome,Wally,82,225.86.184.182,7,0,Charo,Pinchas,Cinnamon
2tXLhfDJX7q,Marjy,Robinet,19,48.221.38.227,49,0,Amby,Colby,Patricio
XylNcejA,Marian,Chet,64,251.21.195.94,59,0,Kristoffer,Fair,Lelia
ecws6a,Elvis,Norah,35,74.81.165.209,24,0,Andriette,Mallorie,Livvie
RCUPfx5Mb,Rossie,Marcelo,14,6.84.97.223,64,0,Mackenzie,Johnath,Candra
ji5Zoh2vS9,Marleen,Nanete,78,49.69.12.92,60,0,Jarib,Patton,Keely
oFj7ZBlQ1,Oona,Silvan,70,129.176.141.210,89,0,Tersina,Vanya,Chevalier
hgbw79G,Ilka,Anita,94,48.37.45.225,74,0,De witt,Travers,Andres
G94L8xe,Lezlie,Randi,22,172.6.229.211,12,0,Zenia,Demeter,Jarrod
1QYWQrnkLF,Wallache,Aurelea,14,151.133.52.175,74,0,Shena,Agathe,Revkah
J97TyFYWLXic,Ginger,Brew,3,164.205.80.156,90,0,Corbet,Nestor,Perla
UITwStKJsSc0,Claresta,Paula,41,186.44.217.228,79,0,Alicia,Rosmunda,Brendon
CRVmyekJEWQd,Ivonne,Harris,86,179.130.125.54,32,0,Normy,Neddie,Alana
6j6CKG,Dov,Verena,52,22.182.206.124,66,0,Waverly,Vernice,Faun
0QgM2Dti,Anatola,Stefa,45,138.113.18.6,26,0,Horatio,Zena,Erik
oRqbgHfGiQB,Lorant,Karen,90,131.194.79.238,52,0,Gail,Gabbie,Milzie
0OOu8W,Morgana,Roxi,100,217.10.152.198,3,0,Jimmie,Solly,Sydelle
qRNhVj,Dehlia,Marilyn,87,114.223.151.255,17,0,Peyton,Stacee,Cornelle
GnEyDX4d,Thor,Dorri,82,115.237.103.246,8,0,Verge,Myra,Tirrell
uRRJ58qR,Baillie,Arch,56,244.223.178.59,27,0,Say,Colene,Latrina
6Y11Ukv65,Babara,Ingrim,74,20.40.98.38,78,0,Valli,Nev,Jemmy
mS2zGjLbsfx,Garvy,Iolande,64,122.105.198.136,8,0,Tandie,Ruggiero,Charlot
pvyFclACnt7,Geri,Sterne,78,68.11.64.48,84,0,Rowland,Glad,Kissee
pvldk5gLe34,Elsy,Shandra,41,150.5.78.66,4,0,Marieann,Reece,Mavra
78EyZoE8ZfT,Claudio,Ulrika,72,22.112.253.54,3,0,Alfonso,Gerard,Judi
NVOEoP,Chilton,Wilhelmine,4,27.182.183.24,46,0,Suzi,Web,Dawn
ZE7RXlN,Devina,Ammamaria,13,232.6.231.233,79,0,Daria,Joan,Jacky
VQ3rsakha,Gabriel,Uta,97,229.205.36.78,53,0,Gilligan,Giusto,Alma
6vhijqzOp,Janet,Glen,92,28.121.74.172,53,0,Trista,Gray,Eleanor
5fz2zD5KkC,Kellia,Everett,88,128.40.38.79,24,0,Hillary,Emelita,Gwenette
qkAWM4B0m8,Antonina,Alfredo,33,151.64.26.114,12,0,Lilia,Noemi,Caryl
lLAU68WuhQ,Tamqrah,Iormina,27,5.119.233.39,65,0,Myrilla,Mimi,Dosi
dc05UEg3,Jackqueline,Jessy,65,100.201.251.94,50,0,Henka,Ulberto,Tadd
qwpul5S,Vincenz,Shela,25,104.161.55.3,2,0,Von,Daphene,Ariel
kUJLjZk98Z1,Emerson,Jan,27,150.59.251.250,19,0,Sigismond,Bruno,Lydia
zVGO0y,Frederique,Mommy,96,99.113.225.41,47,0,Tresa,Corbie,Correy
N0htXube,Hortensia,Devin,52,87.238.231.79,66,0,Berrie,Beulah,Abra
ZcuTXuKtU1,Vonnie,Tiebold,67,78.127.91.68,47,0,Angie,Erick,Chevy
bT4o1Z,Gery,Arturo,18,57.92.33.190,37,0,Babbie,Michal,Constantina
ks9ehmqsO,Riordan,Daisie,48,71.194.122.29,25,0,Mycah,Feliks,Reginauld
H5udbvfHKCua,Odell,Trumann,65,251.227.205.84,20,0,Banky,Natassia,Donni
wFU31PJ,Lonee,Jobina,57,183.200.111.246,75,0,Diann,Isaac,Mort
OPTFR72uMzF,Rodie,Hestia,57,253.88.131.232,87,0,Karole,Raymond,Alden
f467hJu9,Benedict,Hermie,21,124.150.17.157,90,0,Cobby,Win,Tess
nfQwC1o,Aloysia,Shawn,3,123.84.201.169,82,0,Rachel,Elisabetta,Darline
8rtBZ14Fx,Bunnie,Giraud,93,58.148.185.238,60,0,Lonny,Ardith,Waverley
yAbIOo0,Nelle,Jennie,90,83.124.156.186,40,0,Sidnee,Dunn,Rochell
YdMbq3ppp,Gene,Felice,3,6.47.29.121,72,0,Tyrus,Jean,Delaney
lMOSND9UL,Tybalt,Maighdiln,45,197.112.35.237,57,0,Gillian,Abbot,Deloris
iaIuOOGkREcf,Alisha,Jessika,90,198.156.113.111,31,0,Titos,Durand,Bette-ann
um9nIvHlnk,Norma,Janot,72,64.231.60.50,71,0,Coraline,Constantia,Nerissa
KtPBBgk,Anthia,Rey,9,70.184.123.10,72,0,Ansell,Arlie,Giffy
9yItUc,Adolphus,Milzie,11,136.97.229.44,63,0,Kristine,Royce,Mercy
S1pOuhCt,Klement,Evelyn,27,228.143.45.85,25,0,Morgana,Johnathan,Lane
ESLuYsutXep,Emmy,Ettore,35,240.31.46.113,15,0,Alexia,Gabi,Ellary
uYUhRJWgDK7,Hedwig,Eal,35,107.31.182.226,64,0,Ginny,Valentia,Adriaens
JEfyigo,Kimbell,Norry,9,18.156.84.165,45,0,Ginny,Sophia,Jeff
hAAheiKi9AS,Genny,Nalani,25,98.246.183.50,97,0,Celestia,Tuck,Mehetabel
OesDfbSr1,Rachel,Edythe,34,151.40.58.14,57,0,Linoel,Ingra,Cindi
nrA5QZfCOX,Whitby,Zed,20,253.155.182.7,88,0,Delilah,Gardiner,Nanette
uTbfDytD,Deb,Henka,65,144.70.147.115,67,0,Inez,Joelynn,Colas
cL1OW3EB,Lorain,Doralynn,68,202.5.176.191,47,0,Herschel,Casandra,Aubine
pT41y3f5,Torey,Leonanie,79,41.191.178.8,89,0,Eunice,Aryn,Diena
eXl5JdGhn,Aimil,Rebekkah,64,192.45.251.75,44,0,Welch,Lonnard,Tessy
OFem1k3,Joanne,Karel,57,64.90.35.128,66,0,Serena,Allys,Valentino
buTqxmwrk,Laurens,Angelina,63,140.197.182.135,14,0,Sarina,Yvonne,Jemmie
6Y4leQOau801,Elissa,Asia,71,66.91.32.44,64,0,Barnaby,Reyna,Dagny
zlazjlVDa,Creigh,Ester,77,147.231.146.88,86,0,Gillan,Aylmar,Isobel
037o74CLUk,Alicea,Rana,93,120.26.27.149,59,0,Derrik,Janie,Kristos
vWXgVK,Eloisa,Kerrin,49,120.144.120.70,21,0,Bellina,Cristal,Inglis
v8dZRnhP,Nowell,Patrick,60,148.242.219.223,87,0,Eldredge,Nicolis,Godfree
nzeYnQIt,Jillana,Ase,16,36.185.232.205,90,0,Cyrus,Adelbert,Connor
XcghY1,Sam,Beulah,18,207.121.107.11,30,0,Malena,Elise,Charley
GggpIg4qqWLg,Rubia,Trish,36,84.220.63.238,43,0,Anjela,Merlina,Xenia
vAQN5Vx1qx,Kelsi,Shep,33,223.163.153.141,80,0,Isadore,Travus,Phil
PwOVAC3Rb0R,Jean,Jason,25,182.141.97.18,31,0,Kaia,Adan,Nettie
yUi6E6W5S,Odella,Gary,51,217.1.244.57,63,0,Bernarr,Devin,Keefe
VHQs2tU,Lazaro,Shurlock,61,65.217.93.145,67,0,Robena,Briano,Gerry
1vLomdLS,Florri,Amity,92,217.235.48.242,86,0,Yasmeen,Dore,Mariya
Nt7vUJkIpJZ2,Cleo,Kailey,52,183.206.96.202,98,0,Aguistin,Sioux,Wilt
PdrCMlmH7,Rockie,Mylo,26,64.24.56.152,96,0,Darnell,Bailey,Nertie
fIlLTozY6jOB,Albertina,Otes,46,28.2.112.87,90,0,Laurice,Gothart,Aland
BAzZWep3,Zelda,Tadeo,57,40.22.142.93,66,0,Patsy,Farica,Ingelbert
jp6nr8Jlw,Tove,Sabine,55,49.83.233.9,53,0,Laird,Dell,Scarface
v5exc9xvSBYy,Hillery,Tobin,84,176.132.7.193,78,0,Burt,Jules,Zarah
wtecorPWz4iB,Valentino,Rebekkah,50,242.227.22.35,47,0,Paul,Barbara,Brooke
CQfxdIS,Juli,Frederich,48,59.106.146.8,83,0,Marcellus,Bartlett,Johnna
ZttCBN374FQe,Rasla,Kevina,49,237.176.177.66,51,0,Chrysler,Kennith,Fanya
GoIspiyKx5n,Odie,Milena,47,114.132.43.67,56,0,Tresa,Tremaine,Jodee
70PlHEB,Merna,Kenny,20,79.231.157.188,66,0,Nelli,Morgen,Ricca
y44sFq,Wallis,Cristi,26,229.71.149.199,38,0,Sosanna,Tarrah,Kelbee
3fNoK88bzM,Andreana,Packston,33,238.142.20.167,38,0,Leese,Tiphany,Brigida
kVAJeCpxaTWI,Johnny,Bernette,16,11.186.229.133,43,0,Aldrich,Clemens,George
xN9rKE,Olivia,Tonie,67,235.179.191.16,18,0,Caressa,Eden,Deina
dq04cC5P,Nadiya,Currie,68,55.25.19.255,53,0,Moselle,Ronica,Gaspard
r9SaugLeCS,Muffin,Ariela,4,124.208.205.170,20,0,Hattie,Guthrey,Netta
haA0Q7r,Reuven,Helaina,17,36.18.148.40,68,0,Blair,Rosemaria,Siegfried
P7Nqa0Rvuya0,Frederik,Gwenora,64,106.133.169.92,23,0,Patsy,Jourdan,Beverlie
AyuqnTm,Estrellita,Pearla,80,162.244.15.83,56,0,Derron,Darleen,Chucho
RppJjOoTh2eN,Valeria,Martica,49,143.4.244.109,27,0,Nissie,Yevette,Irena
SJfis9e004,Cairistiona,Fayette,66,156.159.47.184,33,0,Esmaria,Heida,Bartie
4Rle7b,Cherry,Rebekkah,57,225.149.85.173,17,0,Alwin,Hanny,Randene
zAqnWGe,Dennie,Katee,56,251.211.92.155,63,0,Alister,Broddie,Thorstein
R3PYT9oEf1,Christoffer,Rona,31,230.111.102.106,12,0,Ruthe,Cello,Melloney
49zTK5WhTMs,Georgiana,Maxim,98,148.132.178.245,100,0,Lynette,Chryste,Amory
pbAeAp06a,Louise,Shawnee,78,117.196.176.203,53,0,Fidelity,Edgar,Giacinta
i0GexiWH6,Mindy,Rhodie,95,72.195.119.168,57,0,Candra,Nelson,Tim
QR5CO4ShAWg,Jolynn,Rebecka,21,202.115.1.225,2,0,Bari,Manya,Merline
8UyVJza0B,Kameko,Jessee,3,166.131.212.185,39,0,Marissa,Purcell,Hermann
jMZLCky,Linnie,Hewe,1,227.39.134.174,36,0,Shayla,Truda,Legra
1Ufobj6GBhTu,Chrystel,Henka,25,148.89.112.137,51,0,Clem,Berne,Sterling
N28RO3,Rowe,Drucill,66,180.154.201.114,66,0,Dennison,Smith,Augustin
fpy4sr37k,Terrill,Candace,37,135.51.200.101,41,0,Alfons,Sadie,Vince
XgrlNyvnsY,Catherine,Kiley,82,12.181.187.237,87,0,Olivie,Deanne,Courtnay
5TlcSBW3F,Haily,Tiphany,78,232.79.152.242,55,0,Hank,Fernando,Tomas
zOHLsT6n6dt,Onofredo,Aleece,66,4.11.0.193,37,0,Giselle,Parke,Dionne
viXvNIa,Rodrique,Amberly,98,147.104.95.199,46,0,Deloris,Willette,Nikolos
fHciVWBzQ5,Idaline,Levy,32,223.2.16.107,28,0,Ramon,Aggie,Trude
6rvbGlebxD,Fancy,Conney,24,108.142.74.114,5,0,Gerianna,Sander,Hali
kaGaetq96Dzj,Mirabel,Franciska,27,57.240.197.250,81,0,Constancia,Worden,Sigismundo
KBYrt3NZplyR,Madelon,Chryste,33,1.171.95.162,64,0,Marcelle,Doralynn,Averill
J0eNS11XA,Sallyanne,Kevin,41,237.194.36.173,35,0,Chiquia,Tiebout,Isiahi
CJKpmVtG,Bobbette,Sofia,36,243.155.233.247,9,0,Murial,Maudie,Corny
Tb5YVY1p2,Ermengarde,Vince,51,180.56.174.207,46,0,Waylen,Jewelle,Gottfried
j14DntyMBB,Feodor,Wilt,10,123.8.16.227,1,0,Dore,Hersch,Gerhard
UA9O80,Charin,Shawnee,70,165.157.4.187,36,0,Aland,Osgood,Fletch
1IkW5yyfAt,Brion,Felice,58,86.6.113.116,94,0,Cyril,Haywood,Celisse
JIXjQZE,Mersey,Vincenty,12,196.151.36.150,48,0,Gabby,Eal,Helga
80yoDx0fA6us,Ive,Mayne,60,47.13.176.192,73,0,Dewey,Yolanda,Stanley
sxpgI4MjX,Kelwin,Jennie,41,224.224.234.63,51,0,Lindsay,Tommie,Con
paC9K2SjgBHq,Theodosia,Pearline,13,53.9.225.24,92,0,Kiri,Dollie,Brock
UsBZzm,Fidelity,Calv,26,75.157.25.130,39,0,Constance,Madelle,Lonny
LFgz7YJy5f3,Yank,Audre,79,61.164.172.208,60,0,Tallia,Giulietta,Kittie
WE3NmnMwMeVy,Van,Arvin,72,215.189.234.216,23,0,Lonny,Louis,Janine
9Yl849n,Alfredo,Stesha,48,97.15.155.23,57,0,Morry,Mercie,Terence
rHSgliLE,Jerald,Skippie,64,27.153.150.200,73,0,Agosto,Peta,Adore
ru1v7hPjy6,Georgena,Si,33,155.236.168.201,37,0,Ardis,Selene,Carita
2DW66Y5Ub,Marshal,Viviyan,42,85.247.163.63,92,0,Charil,Cherilyn,Luke
JA5Hzk,Goran,Tierney,1,136.30.64.5,70,0,Merci,Kathrine,Marlyn
DJEVLXpn,Alaric,Granny,48,119.99.79.169,71,0,Benn,Fredrika,Rickie
1H878F,Aymer,Elnore,27,26.107.173.14,94,0,Gerta,Valli,Anette
FZs9CVY,Toma,Daisi,2,114.170.209.226,59,0,Fanni,Calida,Mabel
K8aqL4,Kikelia,Alejandra,96,9.230.56.250,31,0,Philbert,Katharine,Penelopa
e1FjcwXk2MJx,Monika,Laney,73,125.27.142.70,10,0,Anselma,Ora,Clementius
yzPwaydTdveY,Mahala,Glyn,75,98.224.196.141,54,0,Clementia,Tessy,Korella
j6TosdtM,Dorita,La verne,86,9.217.7.85,59,0,Marya,Jilli,Holt
gcQFHIUW,Ruby,Lombard,53,37.75.194.48,45,0,Jo,Granthem,Natale
0wpy22yXZ3,Jerrilee,Raimund,61,250.220.96.84,91,0,Tate,Lazarus,Celie
FHZkEXC,Agnese,Richmond,21,15.200.102.253,81,0,Chicky,Henrietta,Darbie
MkZOtgF,Carmine,Cori,72,99.196.190.206,13,0,Kaye,Keenan,Olivie
ZER3cOwoE5,Ferris,Beatrice,82,88.162.116.33,95,0,Noellyn,Sam,Panchito
WPfjXdAl,Rosina,Maryrose,27,12.184.63.121,43,0,Lynna,Darryl,Merrick
oksIoAuz0z5,Lamar,Viviana,72,77.109.41.75,91,0,Modesty,Cherice,Mohammed
f7CiCQlVGe,Osgood,Pattie,53,13.248.144.175,61,0,Tally,Bessie,Andrey
dqPTgUL,Maridel,Gerianna,33,87.218.153.210,77,0,Antonino,Henriette,Colver
TMHc9B6V,Margette,Quintus,14,17.159.47.185,88,0,Loella,Evvie,Hannie
A842GBPw0pM,Lanie,Vergil,31,28.110.115.120,75,0,Raynor,Sissy,Maximilianus
r4IGBdQPp,Godard,Vikki,67,155.198.229.182,51,0,Stanton,Rodrigo,Gibbie
7ushtK5V1,Pearce,Stevana,4,141.12.131.199,26,0,Darb,Koren,Barbie
hHJEi3elUfC2,Alistair,Shepherd,18,102.191.44.105,88,0,Madelle,Darlleen,Adi
z6ZH4QNWe,Ashly,Giselle,79,8.15.167.120,25,0,Lisette,Reyna,Janeen
qFxAJ6O0x,Junia,Gerti,22,155.169.208.173,91,0,Mala,Shay,Kimball
3nwRoz6MSa,Svend,Chilton,92,153.67.1.54,75,0,Damara,Alameda,Julio
hzGj5eF4,Aldrich,Urbain,55,223.48.239.83,36,0,Elayne,Tiffani,Teddie
vSi7woq,Mandie,Wright,32,84.221.42.12,88,0,Janice,Amitie,Josefina
rYScFZCgaj,Reggis,Laurice,18,92.42.69.190,37,0,Shelley,Bartlet,Val
3GXpAc,Loria,Bobby,27,228.52.101.251,96,0,Oby,Cilka,Gerald
6QuDs649UE,Roxanna,Sherm,22,158.196.230.22,11,0,Hobart,Zitella,Fidel
nffvXeoC,Blair,Tadeas,6,220.222.184.24,31,0,Stefan,Reginald,Bernette
ifThhhNeRqLv,Minnnie,Bret,10,189.38.249.208,38,0,Bram,Candida,Alane
iUwyEGb,Gareth,Westley,56,83.78.109.10,98,0,Jorie,Kirsten,Ruy
4PDxdmD,Hailee,Matteo,56,232.41.116.176,17,0,Dottie,Kareem,Nicolea
j2s25jQvaGz,Clerissa,Roxanne,17,234.241.183.131,78,0,Dehlia,Allyn,Duff
SbcppYhId2S,Chrissie,Edouard,87,192.229.11.144,70,0,Barret,Gerald,Cheryl
q9vKbdrDRSG,Lynna,Natividad,48,3.136.65.115,22,0,Christos,Pavla,Broderick
CqGN90,Phaedra,Theresina,17,244.38.86.23,65,0,Cherilyn,Carce,Sloane
yOb30OIivMt,Heath,Debi,79,205.253.72.91,14,0,Nathanil,Tiffani,Kelila
DALrNMwcLoj,Johann,Marina,47,132.55.212.89,98,0,Sonnnie,Leia,Diego
zD229jdTIbYt,Yehudi,Sterne,93,154.252.165.58,41,0,Devy,Bethanne,Sigismundo
q8nsFa6n0,Brnaby,Garik,62,91.71.210.245,69,0,Gabriello,Dorene,Tab
AJOLZSzMU,Kiah,Gunner,5,236.64.13.200,73,0,Wait,Everard,Thatcher
gOmJY1,Bidget,Pam,59,34.207.32.192,32,0,Fifine,Selene,Chaunce
Xtwo4L,Jennee,Daloris,46,219.0.157.225,45,0,Nessy,Renae,Branden
VIEK256l,Tally,Giorgia,65,11.40.145.62,95,0,Marcy,Kingsley,Whitney
k6y0jtEAd,Ophelie,Monti,63,90.68.249.37,68,0,Julio,Kristofer,Egan
OULT0I,Prudy,Emory,96,68.165.163.173,12,0,Davina,Sibyl,Amby
adrxHFpht,Hobard,Alessandra,91,50.66.64.226,36,0,Orren,Antonie,Edwin
ehlrmqXNAtu,Karmen,Merrill,41,216.167.139.147,44,0,Sissie,Jasmine,Gretal
Scp0Reg,Veronique,Dionysus,13,235.144.41.233,70,0,Grove,Rob,Gayler
6lKvCC0blfXy,Sammy,Louie,91,45.21.216.99,65,0,Ralf,Charline,Nickolas
uZMOwGJN,Mira,Renato,53,49.194.207.21,68,0,Juan,Felicia,Micaela
0Iy28z,Elfrida,Dawna,96,196.12.18.235,94,0,Harriott,Vikky,Kendall
0iOaDeABU,Jaymee,Allyce,71,62.145.55.223,86,0,Quintina,Jozef,Moira
aYYke7B,Fenelia,Millie,35,181.187.233.55,52,0,Devinne,Germaine,Brewer
PbtnNVvGQFHn,Cleavland,Ruthi,82,249.180.183.20,13,0,Pippy,Paxon,Marylin
Au0iuB7,Chev,Myriam,19,184.14.147.12,1,0,Frank,Viv,Shina
gg8wb7MZttRM,Sallie,Flemming,70,181.252.34.179,60,0,Carlene,Juliann,Camel
6Ays9Inf,Rebekah,Curry,94,167.87.239.104,37,0,Amanda,Mella,Shell
C4pkLIapy3,Mireielle,Otho,94,255.80.179.213,44,0,Chic,Bogart,Con
k8dxfDXKxGP,Grover,Carmel,37,115.42.130.33,90,0,Matilde,Sherline,Mirabel
ueTkHm5jWxF9,Toby,Gabey,64,122.83.153.126,76,0,Stavro,Grange,Caspar
1PmVoys8b,Dunc,Mireille,34,67.126.22.77,36,0,Niccolo,Florry,Lambert
YhhDYGNi975h,Siobhan,Adrea,33,228.114.212.202,7,0,Edith,Neile,Fergus
v4yi350,Lucas,Hillel,88,192.174.234.91,26,0,Gabie,Dredi,Ferd
iAMVDuf,Annissa,Magda,98,224.244.239.215,40,0,Griswold,Cornie,Delcine
SuTNKhsQ,Matt,Fredelia,51,141.122.248.11,10,0,Andromache,Danita,Salim
outMRx8DE,Trace,Bret,75,70.247.145.14,89,0,Minetta,Becki,Antonia
FslvY0WRMw,Margit,Jacquette,53,82.171.196.43,53,0,Sidonia,Leeann,Mar
4jZP6hfNA2U0,Isaak,Jervis,34,37.167.38.62,1,0,Maximo,Zia,Roxie
cxC0op91w,Ludovico,Luise,91,88.242.146.62,49,0,Daile,Giustina,Marrissa
IMXOvXUX4i,Mikey,Joscelin,61,70.98.225.14,39,0,Winnifred,Sofia,Giff
xhTbfwFaGFA,Davis,Reese,5,104.135.175.153,42,0,Stoddard,Blondy,Monroe
nwYUVPe0f,Maible,Carola,37,86.172.146.125,57,0,Minda,Jilly,Murdock
aN9OwdjN,Herbie,Fara,49,229.92.115.135,47,0,Adena,Berkley,Maribeth
ynGviI,Ferdie,Dorey,17,89.225.43.205,41,0,Yardley,Catlin,Killy
HVAHt94E,Eduino,Ervin,6,166.223.50.17,93,0,Angelina,Klara,Marlie
sbXSENihojt,Grayce,Thorn,30,68.194.22.93,55,0,Michaeline,Michel,Valida
NzOdy5,Giacinta,Olivette,78,124.132.52.245,87,0,Riley,Timmi,Loy
3OXDzmDQRC,Jo ann,Guntar,81,227.222.52.240,57,0,Herbert,Dolly,Leticia
zcbItJX692,Charyl,Marmaduke,78,234.247.204.133,25,0,Jephthah,Mathias,Lexie
ahRZwSR,Fernandina,Vina,99,28.160.90.99,29,0,Les,Janeen,Derek
OGvKCRxT,Margarita,Colas,68,150.6.30.234,87,0,Sigismond,Walsh,Hewe
A2n70mIBx,Aubry,Burton,92,181.44.150.114,12,0,Cord,Felic,Sherman
RnEewnU4,Jordana,Retha,18,226.98.145.103,63,0,Onofredo,Arda,Rivkah
Ym4vZhUinuJ,Herminia,Marice,23,248.244.29.230,85,0,Ferdinande,Dee dee,Adelina
0cdIkzsbE0a,Felicity,Grata,3,213.245.158.101,63,0,Christiana,Rogers,Gisella
a7fjSy,Terra,Tawnya,39,225.77.252.149,35,0,Dreddy,Rick,Mallory
Mp1PaTSg6K,Nanette,Drucy,18,200.173.212.211,54,0,Darla,Trish,Marybeth
mN9hLfJk,Howard,Alain,83,78.237.89.253,22,0,Patton,Colman,Jamesy
AlHwyiP2,Darice,Ingra,44,205.78.171.15,98,0,Torrin,Lia,Milo
XboK150u60,Hilton,Barbra,67,16.122.178.39,6,0,Mellisent,Lisha,Northrop
v5gelQptr,Gardner,Laurens,55,245.179.219.20,12,0,Erna,Tanny,Celeste
K7FTnVvn6E,Cesaro,Caryl,21,11.198.35.121,38,0,Gabriel,Bret,Sarita
Ufeu091k1tR,Ileana,Mordy,5,61.221.211.183,35,0,Maxi,Lorri,Siffre
aViAM5U,Jilli,Annabela,4,231.183.65.136,70,0,Farr,Chris,Bryanty
XqlGUJr,Dewey,Kellina,44,179.38.71.230,57,0,Rubin,Galvan,Claudette
TmEJJV5E,Valaria,Cally,77,127.187.184.25,87,0,Aimil,Esther,Tristan
7twrAKOWlQP,Jarrid,Blake,40,100.109.64.86,76,0,Pacorro,Chrystal,Hilliard
0mj5ys0WN3b,Stephine,Joannes,96,131.246.73.152,18,0,Llywellyn,Jolynn,Paulina
E6TKtE,Letizia,Morgana,16,86.161.39.23,69,0,Cassius,Gabriella,Davey
Qz4aIanB,Duane,Isahella,20,168.118.146.155,87,0,Hazel,Frederik,Jamesy
bwv5Rqld,Rubi,Shep,88,49.211.222.160,66,0,Benjamin,Lucienne,Leann
AIrVjH7KmZ,Binnie,Douglass,58,64.119.139.17,6,0,Zacharias,Elizabeth,Molly
ZCDZgod,Koo,Elnore,15,8.156.253.84,79,0,Thorndike,Merle,Dilly
aK0eVs6RQf,Nerty,Conrade,11,74.228.83.104,90,0,Rollie,Lenna,Mandie
2toNLandwous,Leonore,Roderic,95,178.148.193.168,68,0,Cherlyn,Rosette,Brigit
nSwN3FjU,Mischa,Dara,85,83.52.26.208,41,0,Janette,Allys,Leelah
Eypw4iKXse,Laetitia,Alejoa,11,55.146.6.98,46,0,Bethany,Claudetta,Althea
v2K1Tk,Ekaterina,Vivie,93,142.36.191.250,12,0,Marianna,Anabella,Hyacintha
rWUbU4,Dode,Cal,31,144.239.254.141,61,0,Alexio,Wendell,Sigismondo
as4WJ8ggQhk9,Edna,Andria,6,92.122.245.228,33,0,Lindie,Cecilia,Alphonso
ShM7slEzAQ27,Kristofor,Margie,23,126.7.14.27,67,0,Beale,Tedi,Delinda
3F6aD9FBF,Gladys,Robin,25,227.45.226.121,21,0,Tobey,Wandis,Noel
BnzB0Q,Shani,Jenica,22,235.2.157.80,99,0,Ferd,Raimondo,Milt
jv4G5O9h,Gui,Kellie,32,248.116.135.163,62,0,Olvan,Adlai,Madison
UfefiR96Juu,Roselle,Cherish,34,91.211.218.20,29,0,Augustina,Abbye,Cathee
tMTFPiWCH7,Madonna,Dana,95,55.183.220.246,94,0,Farrand,Kris,Blondell
iYW1qkb7kbWv,Abby,Cobbie,16,100.190.217.180,40,0,Noe,Noby,Jedidiah
JUPUz1Xkf,Kenyon,Freddy,46,231.60.129.56,59,0,Hyatt,Denise,Sianna
pDubz9,Minna,Skylar,21,66.116.238.80,80,0,Stephine,Lorry,Karry
ZPh3gvsCnGo,Florri,Isobel,31,9.151.104.173,65,0,Cornelius,Tome,Ingaberg
W7Knuebklo,Haze,Lee,42,182.26.239.183,22,0,Wenda,Fitz,Currey
ykjKfh3tq5Z,Ambrosius,Andy,100,77.83.215.108,88,0,Carri,Kele,Gusta
R71qRvl,Yank,Meggi,78,75.117.115.253,42,0,Charlton,Stevie,Clay
mcH0qH,Ezra,Ashli,26,227.90.22.97,45,0,Con,Obed,Rosette
dFoouC,Horton,Kayla,46,141.234.224.57,57,0,Freddy,Nevile,Eveline
YtvfOcEXD,Jenelle,Sadye,27,90.4.200.224,42,0,Curtis,Wylma,Debor
EJBTwE,Celestine,Marget,79,27.105.2.16,57,0,Babb,Cymbre,Lavena
OdFvLInjwX,Warren,Irv,26,89.146.225.231,12,0,May,Husein,Kent
